chr1	1	6203380	P33410_1014	1
chr1	1	20445579	P33410_1004	1
chr1	1	49966016	P33410_1003	1
chr1	1	68725554	P33410_1019	1
chr1	68725555	73940733	P33410_1019	-1
chr1	66644088	76063557	P33410_1016	-1
chr1	79194110	85673253	P33410_1009	-1
chr1	73940734	93061647	P33410_1019	1
chr1	93061648	118544195	P33410_1009	-1
chr1	93061648	118544195	P33410_1011	-1
chr1	91997953	119631266	P33410_1001	-1
chr1	82326603	119631266	P33410_1002	-1
chr1	72907657	119631266	P33410_1003	-1
chr1	90930650	119631266	P33410_1004	-1
chr1	94116272	119631266	P33410_1005	-1
chr1	93061648	119631266	P33410_1008	-1
chr1	91997953	119631266	P33410_1012	-1
chr1	93061648	119631266	P33410_1013	-1
chr1	91997953	119631266	P33410_1015	-1
chr1	88816539	119631266	P33410_1016	-1
chr1	91997953	119631266	P33410_1017	-1
chr1	91997953	119631266	P33410_1018	-1
chr1	109089648	119631266	P33410_1019	-1
chr1	91997953	119631266	P33410_1021	-1
chr1	93061648	119631266	P33410_1022	-1
chr1	93061648	119631266	P33410_1024	-1
chr1	91997953	147293911	P33410_1014	-1
chr1	106805094	157500258	P33410_1020	-1
chr1	119631267	167167217	P33410_1008	1
chr1	119631267	178773896	P33410_1019	1
chr1	178773897	185059568	P33410_1019	-1
chr1	185059569	216748750	P33410_1019	1
chr1	119631267	218815977	P33410_1003	1
chr1	119631267	248956422	P33410_1001	1
chr1	119631267	248956422	P33410_1002	1
chr1	234857637	248956422	P33410_1003	1
chr1	119631267	248956422	P33410_1004	1
chr1	119631267	248956422	P33410_1006	1
chr1	118544196	248956422	P33410_1009	1
chr1	119631267	248956422	P33410_1010	1
chr1	118544196	248956422	P33410_1011	1
chr1	119631267	248956422	P33410_1012	1
chr1	119631267	248956422	P33410_1013	1
chr1	147293912	248956422	P33410_1014	1
chr1	119631267	248956422	P33410_1015	1
chr1	119631267	248956422	P33410_1016	1
chr1	119631267	248956422	P33410_1017	1
chr1	119631267	248956422	P33410_1018	1
chr1	230676405	248956422	P33410_1019	1
chr1	157500259	248956422	P33410_1020	1
chr1	119631267	248956422	P33410_1021	1
chr1	119631267	248956422	P33410_1022	1
chr1	119631267	248956422	P33410_1024	1
chr2	1	14519531	P33410_1001	-1
chr2	1	30005019	P33410_1019	-1
chr2	35224963	48681079	P33410_1019	-1
chr2	54866516	60101159	P33410_1016	-1
chr2	84102044	98445314	P33410_1001	1
chr2	85151619	98445314	P33410_1013	1
chr2	85151619	98445314	P33410_1014	1
chr2	86187810	98445314	P33410_1021	1
chr2	98445315	105711421	P33410_1019	-1
chr2	104678272	110903102	P33410_1016	-1
chr2	109110462	114794531	P33410_1021	1
chr2	109110462	115836594	P33410_1014	1
chr2	103656478	119014139	P33410_1001	1
chr2	105711422	122121290	P33410_1019	1
chr2	122121291	129393913	P33410_1019	-1
chr2	1	134610598	P33410_1002	1
chr2	137777401	142929997	P33410_1016	-1
chr2	129393914	165892582	P33410_1019	1
chr2	165892583	180541772	P33410_1019	-1
chr2	1	184733487	P33410_1006	1
chr2	184733488	189943911	P33410_1006	-1
chr2	186831101	194123351	P33410_1016	-1
chr2	218172858	222301985	P33410_1016	-1
chr2	189943912	226444498	P33410_1006	1
chr2	1	227479076	P33410_1011	1
chr2	180541773	227479076	P33410_1019	1
chr2	1	228537546	P33410_1008	1
chr2	227479077	232750594	P33410_1019	-1
chr2	228537547	242193529	P33410_1001	-1
chr2	1	242193529	P33410_1003	1
chr2	229579436	242193529	P33410_1004	-1
chr2	229579436	242193529	P33410_1005	-1
chr2	226444499	242193529	P33410_1006	-1
chr2	228537547	242193529	P33410_1008	-1
chr2	218172858	242193529	P33410_1009	-1
chr2	146016123	242193529	P33410_1010	1
chr2	227479077	242193529	P33410_1011	-1
chr2	228537547	242193529	P33410_1012	-1
chr2	228537547	242193529	P33410_1013	-1
chr2	228537547	242193529	P33410_1014	-1
chr2	228537547	242193529	P33410_1015	-1
chr2	228537547	242193529	P33410_1016	-1
chr2	218172858	242193529	P33410_1018	-1
chr2	237928599	242193529	P33410_1019	-1
chr2	217146381	242193529	P33410_1020	-1
chr2	228537547	242193529	P33410_1021	-1
chr2	228537547	242193529	P33410_1022	-1
chr3	1	17804897	P33410_1016	-1
chr3	10504803	23084551	P33410_1019	-1
chr3	1	25168837	P33410_1005	-1
chr3	1	38767702	P33410_1010	-1
chr3	34580044	67048043	P33410_1019	-1
chr3	1	71214250	P33410_1020	1
chr3	73267456	86957786	P33410_1019	-1
chr3	77607660	88004802	P33410_1002	-1
chr3	86957787	111882906	P33410_1019	1
chr3	111882907	117103646	P33410_1019	-1
chr3	89055509	146722904	P33410_1020	1
chr3	146722905	151927451	P33410_1020	-1
chr3	1	152958065	P33410_1006	-1
chr3	154033713	171868570	P33410_1021	1
chr3	167691876	183336642	P33410_1006	-1
chr3	152958066	198295559	P33410_1001	1
chr3	150886038	198295559	P33410_1002	1
chr3	152958066	198295559	P33410_1003	1
chr3	154033713	198295559	P33410_1004	1
chr3	152958066	198295559	P33410_1005	1
chr3	152958066	198295559	P33410_1008	1
chr3	154033713	198295559	P33410_1009	1
chr3	38767703	198295559	P33410_1010	1
chr3	61875615	198295559	P33410_1011	1
chr3	152958066	198295559	P33410_1012	1
chr3	154033713	198295559	P33410_1013	1
chr3	154033713	198295559	P33410_1014	1
chr3	154033713	198295559	P33410_1015	1
chr3	154033713	198295559	P33410_1016	1
chr3	154033713	198295559	P33410_1017	1
chr3	152958066	198295559	P33410_1018	1
chr3	151927452	198295559	P33410_1020	1
chr3	177064641	198295559	P33410_1021	1
chr3	152958066	198295559	P33410_1022	1
chr3	154033713	198295559	P33410_1024	1
chr4	1	6576561	P33410_1005	-1
chr4	1	17590766	P33410_1011	-1
chr4	1	21816126	P33410_1019	1
chr4	10159399	28126365	P33410_1002	-1
chr4	21816127	59224754	P33410_1019	-1
chr4	31236151	60273516	P33410_1008	1
chr4	81447692	88811879	P33410_1016	-1
chr4	81447692	98294946	P33410_1011	-1
chr4	109911802	115157432	P33410_1019	-1
chr4	1	129033911	P33410_1010	1
chr4	112039509	154398130	P33410_1011	-1
chr4	1	161707128	P33410_1020	1
chr4	137508464	180504732	P33410_1009	1
chr4	1	190214555	P33410_1003	1
chr4	118280308	190214555	P33410_1005	-1
chr4	161707129	190214555	P33410_1011	-1
chr4	137508464	190214555	P33410_1018	1
chr4	115157433	190214555	P33410_1019	1
chr4	166998936	190214555	P33410_1020	1
chr5	17026343	31247657	P33410_1004	-1
chr5	55405665	63819446	P33410_1016	-1
chr5	1	72998548	P33410_1019	1
chr5	69067615	93955179	P33410_1006	-1
chr5	80340248	110849550	P33410_1019	1
chr5	1	122367088	P33410_1008	1
chr5	115047340	130728609	P33410_1019	-1
chr5	39996704	181538259	P33410_1001	1
chr5	1	181538259	P33410_1010	-1
chr5	75050545	181538259	P33410_1011	-1
chr5	149522522	181538259	P33410_1019	-1
chr5	147428613	181538259	P33410_1020	1
chr6	1	4315916	P33410_1006	-1
chr6	1	20969676	P33410_1001	-1
chr6	1	23049150	P33410_1010	-1
chr6	5352859	27493328	P33410_1019	-1
chr6	45325164	55810660	P33410_1010	-1
chr6	1	56851253	P33410_1004	-1
chr6	51593743	61804079	P33410_1009	1
chr6	45325164	85074181	P33410_1019	-1
chr6	90386484	98728489	P33410_1019	1
chr6	78690858	101869565	P33410_1001	-1
chr6	1	103962570	P33410_1011	1
chr6	93473033	116518430	P33410_1002	-1
chr6	64961478	116518430	P33410_1020	1
chr6	101869566	121768128	P33410_1019	-1
chr6	142525220	147678890	P33410_1019	-1
chr6	143553294	170805979	P33410_1001	-1
chr6	140441804	170805979	P33410_1002	-1
chr6	99774668	170805979	P33410_1003	-1
chr6	142525220	170805979	P33410_1004	-1
chr6	142525220	170805979	P33410_1005	-1
chr6	136318813	170805979	P33410_1006	-1
chr6	142525220	170805979	P33410_1008	-1
chr6	142525220	170805979	P33410_1009	-1
chr6	120700392	170805979	P33410_1010	-1
chr6	142525220	170805979	P33410_1011	-1
chr6	142525220	170805979	P33410_1012	-1
chr6	142525220	170805979	P33410_1013	-1
chr6	142525220	170805979	P33410_1014	-1
chr6	142525220	170805979	P33410_1015	-1
chr6	142525220	170805979	P33410_1016	-1
chr6	142525220	170805979	P33410_1017	-1
chr6	142525220	170805979	P33410_1018	-1
chr6	142525220	170805979	P33410_1021	-1
chr6	142525220	170805979	P33410_1022	-1
chr6	142525220	170805979	P33410_1024	-1
chr7	6576118	27891204	P33410_1019	1
chr7	32137980	38780533	P33410_1024	1
chr7	27891205	46296581	P33410_1020	-1
chr7	36662441	54787056	P33410_1019	1
chr7	1	55913865	P33410_1011	-1
chr7	55913866	64096934	P33410_1018	1
chr7	50514103	77888303	P33410_1005	1
chr7	55913866	77888303	P33410_1012	1
chr7	54787057	81001097	P33410_1001	1
chr7	68883151	90478950	P33410_1019	1
chr7	3255565	94711643	P33410_1010	-1
chr7	85176394	94711643	P33410_1020	-1
chr7	77888304	106848873	P33410_1006	-1
chr7	105794677	136193463	P33410_1020	1
chr7	103663597	159345973	P33410_1001	1
chr7	40917950	159345973	P33410_1002	1
chr7	105794677	159345973	P33410_1003	1
chr7	1	159345973	P33410_1004	1
chr7	106848874	159345973	P33410_1006	1
chr7	94711644	159345973	P33410_1008	1
chr7	102219396	159345973	P33410_1009	1
chr7	100056203	159345973	P33410_1012	1
chr7	105794677	159345973	P33410_1013	1
chr7	106848874	159345973	P33410_1014	1
chr7	105794677	159345973	P33410_1015	1
chr7	105794677	159345973	P33410_1016	1
chr7	105794677	159345973	P33410_1017	1
chr7	105794677	159345973	P33410_1018	1
chr7	95758644	159345973	P33410_1019	1
chr7	105794677	159345973	P33410_1021	1
chr7	105794677	159345973	P33410_1022	1
chr7	105794677	159345973	P33410_1024	1
chr8	1	5681264	P33410_1010	-1
chr8	1	11939116	P33410_1019	-1
chr8	23823649	28992332	P33410_1001	-1
chr8	30023018	35231592	P33410_1020	-1
chr8	41464766	48792610	P33410_1024	-1
chr8	52964400	58222748	P33410_1016	-1
chr8	60321103	65548394	P33410_1019	-1
chr8	1	80209104	P33410_1005	1
chr8	1	82297719	P33410_1006	1
chr8	89855474	109731920	P33410_1011	-1
chr8	82297720	111801777	P33410_1022	-1
chr8	58222749	113869031	P33410_1008	-1
chr8	72905023	114934179	P33410_1016	-1
chr8	51934574	114934179	P33410_1020	-1
chr8	91966057	115966508	P33410_1002	-1
chr8	80209105	115966508	P33410_1005	-1
chr8	83328820	115966508	P33410_1009	-1
chr8	81253651	115966508	P33410_1012	-1
chr8	81253651	115966508	P33410_1013	-1
chr8	82297720	115966508	P33410_1014	-1
chr8	82297720	115966508	P33410_1015	-1
chr8	81253651	115966508	P33410_1017	-1
chr8	82297720	115966508	P33410_1018	-1
chr8	72905023	115966508	P33410_1019	-1
chr8	82297720	115966508	P33410_1021	-1
chr8	81253651	115966508	P33410_1024	-1
chr8	82297720	116998023	P33410_1001	-1
chr8	115966509	123255726	P33410_1019	1
chr8	115966509	145138636	P33410_1002	1
chr8	1	145138636	P33410_1003	-1
chr8	82297720	145138636	P33410_1004	-1
chr8	115966509	145138636	P33410_1005	1
chr8	126364215	145138636	P33410_1006	1
chr8	81253651	145138636	P33410_1010	-1
chr8	123255727	145138636	P33410_1019	-1
chr8	137797330	145138636	P33410_1020	1
chr8	142966199	145138636	P33410_1022	-1
chr9	1	4388668	P33410_1019	1
chr9	1	10746338	P33410_1010	1
chr9	4388669	14954281	P33410_1019	-1
chr9	11809325	26671306	P33410_1001	-1
chr9	11809325	26671306	P33410_1009	-1
chr9	13908926	27727962	P33410_1004	-1
chr9	13908926	27727962	P33410_1005	-1
chr9	11809325	27727962	P33410_1008	-1
chr9	17086328	27727962	P33410_1011	-1
chr9	11809325	27727962	P33410_1012	-1
chr9	11809325	27727962	P33410_1013	-1
chr9	11809325	27727962	P33410_1014	-1
chr9	11809325	27727962	P33410_1015	-1
chr9	11809325	27727962	P33410_1016	-1
chr9	11809325	27727962	P33410_1017	-1
chr9	11809325	27727962	P33410_1018	-1
chr9	11809325	27727962	P33410_1021	-1
chr9	11809325	27727962	P33410_1022	-1
chr9	11809325	27727962	P33410_1024	-1
chr9	29839116	38414506	P33410_1019	-1
chr9	1	74061951	P33410_1020	-1
chr9	71995709	85646470	P33410_1011	1
chr9	79290046	95305888	P33410_1020	1
chr9	101704860	110068501	P33410_1020	-1
chr9	1	116339247	P33410_1002	-1
chr9	27727963	122545528	P33410_1003	1
chr9	116339248	123593783	P33410_1002	1
chr9	122545529	127732844	P33410_1016	-1
chr9	38414507	127732844	P33410_1019	1
chr9	122545529	138394717	P33410_1003	-1
chr9	27727963	138394717	P33410_1010	1
chr9	127732845	138394717	P33410_1019	-1
chr9	128784644	138394717	P33410_1020	-1
chr10	1	10659171	P33410_1008	-1
chr10	1	28711079	P33410_1006	-1
chr10	1	37288655	P33410_1003	-1
chr10	38578385	49046870	P33410_1012	1
chr10	37288656	49046870	P33410_1015	1
chr10	38578385	49046870	P33410_1017	1
chr10	38578385	50337553	P33410_1013	1
chr10	38578385	50337553	P33410_1014	1
chr10	37288656	50337553	P33410_1021	1
chr10	45439403	52504071	P33410_1024	1
chr10	51452410	60877566	P33410_1010	-1
chr10	1	74497739	P33410_1020	1
chr10	79909552	85204184	P33410_1016	-1
chr10	74497740	88660772	P33410_1020	-1
chr10	97104137	105500988	P33410_1019	-1
chr10	116971530	122166917	P33410_1020	-1
chr10	119038162	125285658	P33410_1019	-1
chr10	102376431	133797422	P33410_1006	-1
chr10	102376431	133797422	P33410_1008	-1
chr10	90753609	133797422	P33410_1010	-1
chr10	1	133797422	P33410_1011	-1
chr11	1	5836573	P33410_1020	-1
chr11	5836574	23855759	P33410_1020	1
chr11	14327181	49549339	P33410_1019	1
chr11	49549340	59900251	P33410_1019	-1
chr11	47108296	62050144	P33410_1011	1
chr11	73984748	82333411	P33410_1002	-1
chr11	73984748	90262603	P33410_1019	1
chr11	93409903	105991820	P33410_1004	-1
chr11	5836574	135086622	P33410_1003	-1
chr11	1	135086622	P33410_1005	1
chr11	1	135086622	P33410_1006	1
chr11	78205980	135086622	P33410_1010	-1
chr11	38659215	135086622	P33410_1020	1
chr12	1	10002502	P33410_1006	1
chr12	1	16429450	P33410_1019	1
chr12	7525893	19630202	P33410_1020	1
chr12	16429451	21783838	P33410_1019	-1
chr12	21783839	47944001	P33410_1019	1
chr12	1	49017952	P33410_1010	1
chr12	47944002	56495668	P33410_1019	-1
chr12	31490404	75593936	P33410_1006	-1
chr12	61817527	75593936	P33410_1019	-1
chr12	80848961	88217005	P33410_1019	1
chr12	104984864	124811352	P33410_1019	-1
chr12	110195983	133275309	P33410_1001	-1
chr12	1	133275309	P33410_1002	-1
chr12	109161614	133275309	P33410_1003	-1
chr12	103929618	133275309	P33410_1004	-1
chr12	74551491	133275309	P33410_1005	-1
chr12	115403870	133275309	P33410_1006	-1
chr12	109161614	133275309	P33410_1008	-1
chr12	109161614	133275309	P33410_1009	-1
chr12	111241646	133275309	P33410_1010	-1
chr12	109161614	133275309	P33410_1011	-1
chr12	110195983	133275309	P33410_1012	-1
chr12	109161614	133275309	P33410_1013	-1
chr12	109161614	133275309	P33410_1014	-1
chr12	109161614	133275309	P33410_1015	-1
chr12	110195983	133275309	P33410_1016	-1
chr12	110195983	133275309	P33410_1017	-1
chr12	109161614	133275309	P33410_1018	-1
chr12	124811353	133275309	P33410_1020	-1
chr12	109161614	133275309	P33410_1021	-1
chr12	109161614	133275309	P33410_1022	-1
chr12	109161614	133275309	P33410_1024	-1
chr13	1	61910404	P33410_1008	-1
chr13	27100248	66106206	P33410_1006	-1
chr13	1	69222052	P33410_1005	-1
chr13	1	72326911	P33410_1004	-1
chr13	1	72326911	P33410_1009	-1
chr13	1	72326911	P33410_1012	-1
chr13	1	73363460	P33410_1001	-1
chr13	1	73363460	P33410_1002	-1
chr13	1	73363460	P33410_1010	-1
chr13	1	73363460	P33410_1013	-1
chr13	1	73363460	P33410_1014	-1
chr13	1	73363460	P33410_1015	-1
chr13	1	73363460	P33410_1016	-1
chr13	1	73363460	P33410_1017	-1
chr13	1	73363460	P33410_1018	-1
chr13	1	73363460	P33410_1021	-1
chr13	1	73363460	P33410_1022	-1
chr13	1	73363460	P33410_1024	-1
chr13	85887978	91144435	P33410_1004	-1
chr13	85887978	91144435	P33410_1005	-1
chr13	85887978	91144435	P33410_1015	-1
chr13	85887978	91144435	P33410_1018	-1
chr13	85887978	91144435	P33410_1022	-1
chr13	85887978	91144435	P33410_1024	-1
chr13	87001205	92182406	P33410_1001	-1
chr13	85887978	92182406	P33410_1009	-1
chr13	85887978	92182406	P33410_1012	-1
chr13	85887978	92182406	P33410_1013	-1
chr13	85887978	92182406	P33410_1014	-1
chr13	85887978	92182406	P33410_1016	-1
chr13	85887978	92182406	P33410_1017	-1
chr13	85887978	92182406	P33410_1021	-1
chr13	1	114364328	P33410_1003	-1
chr13	1	114364328	P33410_1011	-1
chr13	1	114364328	P33410_1019	-1
chr14	24983095	42940101	P33410_1019	-1
chr14	33418566	46155508	P33410_1020	-1
chr14	57732823	62981646	P33410_1019	-1
chr14	52475043	69245732	P33410_1020	-1
chr14	1	107043718	P33410_1001	-1
chr14	1	107043718	P33410_1002	-1
chr14	1	107043718	P33410_1004	-1
chr14	1	107043718	P33410_1005	-1
chr14	1	107043718	P33410_1006	-1
chr14	1	107043718	P33410_1008	-1
chr14	1	107043718	P33410_1009	-1
chr14	1	107043718	P33410_1010	-1
chr14	1	107043718	P33410_1011	-1
chr14	1	107043718	P33410_1012	-1
chr14	1	107043718	P33410_1013	-1
chr14	1	107043718	P33410_1014	-1
chr14	1	107043718	P33410_1015	-1
chr14	1	107043718	P33410_1016	-1
chr14	1	107043718	P33410_1017	-1
chr14	1	107043718	P33410_1018	-1
chr14	81765517	107043718	P33410_1020	-1
chr14	1	107043718	P33410_1021	-1
chr14	1	107043718	P33410_1022	-1
chr14	1	107043718	P33410_1024	-1
chr15	1	33566237	P33410_1011	1
chr15	1	34716421	P33410_1022	1
chr15	37867367	45441524	P33410_1020	-1
chr15	42053272	48575699	P33410_1019	-1
chr15	1	68466852	P33410_1010	1
chr15	68466853	78085183	P33410_1010	-1
chr15	48575700	84997035	P33410_1003	-1
chr15	48575700	88239364	P33410_1019	1
chr15	1	101991189	P33410_1002	1
chr15	1	101991189	P33410_1005	-1
chr15	88239365	101991189	P33410_1010	-1
chr15	88239365	101991189	P33410_1019	-1
chr15	45441525	101991189	P33410_1020	1
chr16	1	4417067	P33410_1006	-1
chr16	1	17053761	P33410_1002	-1
chr16	13883904	47498785	P33410_1004	1
chr16	6541512	47498785	P33410_1008	1
chr16	13883904	47498785	P33410_1012	1
chr16	13883904	48568280	P33410_1001	1
chr16	12840219	48568280	P33410_1003	1
chr16	1	57964139	P33410_1019	1
chr16	1	60101443	P33410_1005	1
chr16	57964140	63252740	P33410_1019	-1
chr16	4417068	72159114	P33410_1006	1
chr16	63252741	73211360	P33410_1019	1
chr16	72159115	78525355	P33410_1002	-1
chr16	72159115	90338345	P33410_1001	-1
chr16	72159115	90338345	P33410_1003	-1
chr16	73211361	90338345	P33410_1004	-1
chr16	72159115	90338345	P33410_1006	-1
chr16	74246349	90338345	P33410_1008	-1
chr16	72159115	90338345	P33410_1009	-1
chr16	66369909	90338345	P33410_1010	-1
chr16	72159115	90338345	P33410_1011	-1
chr16	72159115	90338345	P33410_1012	-1
chr16	72159115	90338345	P33410_1013	-1
chr16	72159115	90338345	P33410_1014	-1
chr16	72159115	90338345	P33410_1015	-1
chr16	78525356	90338345	P33410_1016	-1
chr16	72159115	90338345	P33410_1017	-1
chr16	73211361	90338345	P33410_1018	-1
chr16	65329185	90338345	P33410_1020	-1
chr16	72159115	90338345	P33410_1021	-1
chr16	72159115	90338345	P33410_1022	-1
chr16	72159115	90338345	P33410_1024	-1
chr17	1	7718556	P33410_1016	-1
chr17	1	8760669	P33410_1020	-1
chr17	1	10852389	P33410_1005	-1
chr17	1	10852389	P33410_1010	1
chr17	1	10852389	P33410_1019	-1
chr17	5615974	16287345	P33410_1003	1
chr17	10852390	16287345	P33410_1010	-1
chr17	15031797	26800156	P33410_1013	1
chr17	18881785	42443919	P33410_1019	1
chr17	44631967	50509671	P33410_1020	-1
chr17	1	74807172	P33410_1011	1
chr17	50509672	75859930	P33410_1020	1
chr17	1	83257441	P33410_1006	1
chr17	74807173	83257441	P33410_1011	-1
chr17	75859931	83257441	P33410_1019	-1
chr17	75859931	83257441	P33410_1020	-1
chr18	32419839	42798249	P33410_1016	-1
chr18	37637210	52225981	P33410_1019	-1
chr18	57419066	62617405	P33410_1019	-1
chr18	1	75049126	P33410_1010	1
chr18	1	80373285	P33410_1005	1
chr18	20988923	80373285	P33410_1008	-1
chr18	1	80373285	P33410_1011	1
chr18	48056855	80373285	P33410_1020	1
chr19	1	9052038	P33410_1009	1
chr19	1	9052038	P33410_1012	1
chr19	1	9052038	P33410_1013	1
chr19	1	9052038	P33410_1015	1
chr19	1	9052038	P33410_1017	1
chr19	1	9052038	P33410_1018	1
chr19	1	9052038	P33410_1021	1
chr19	19913065	33514340	P33410_1019	1
chr19	1	39988385	P33410_1020	-1
chr19	1	58617616	P33410_1003	1
chr19	1	58617616	P33410_1004	1
chr19	1	58617616	P33410_1005	1
chr19	1	58617616	P33410_1010	1
chr19	1	58617616	P33410_1011	1
chr20	1	16715889	P33410_1019	-1
chr20	22976586	32030058	P33410_1013	1
chr20	22976586	32030058	P33410_1017	1
chr20	22976586	32030058	P33410_1021	1
chr20	1	41418241	P33410_1020	-1
chr20	35175481	47653389	P33410_1019	-1
chr20	1	50816386	P33410_1006	1
chr20	61174211	64444167	P33410_1002	-1
chr20	1	64444167	P33410_1003	-1
chr20	1	64444167	P33410_1004	1
chr20	16715890	64444167	P33410_1010	1
chr20	1	64444167	P33410_1011	1
chr20	47653390	64444167	P33410_1019	1
chr21	1	14838927	P33410_1013	1
chr21	1	14838927	P33410_1014	1
chr21	1	14838927	P33410_1015	1
chr21	1	14838927	P33410_1017	1
chr21	1	14838927	P33410_1021	1
chr21	1	15873685	P33410_1005	1
chr21	1	31485958	P33410_1003	-1
chr21	1	32532624	P33410_1019	-1
chr21	27279430	46709983	P33410_1001	1
chr21	34724674	46709983	P33410_1002	1
chr21	31485959	46709983	P33410_1003	1
chr21	31485959	46709983	P33410_1005	1
chr21	1	46709983	P33410_1006	1
chr21	27279430	46709983	P33410_1008	1
chr21	31485959	46709983	P33410_1010	1
chr21	33569046	46709983	P33410_1011	1
chr21	31485959	46709983	P33410_1012	1
chr21	31485959	46709983	P33410_1013	1
chr21	31485959	46709983	P33410_1014	1
chr21	31485959	46709983	P33410_1015	1
chr21	31485959	46709983	P33410_1017	1
chr21	31485959	46709983	P33410_1018	1
chr21	1	46709983	P33410_1020	1
chr21	31485959	46709983	P33410_1021	1
chr21	31485959	46709983	P33410_1022	1
chr21	31485959	46709983	P33410_1024	1
chr22	1	27730734	P33410_1003	-1
chr22	1	42443055	P33410_1020	1
chr22	1	50818468	P33410_1006	1
chr22	1	50818468	P33410_1011	1
chr22	1	50818468	P33410_1019	-1
chr22	42443056	50818468	P33410_1020	-1
chrX	1	10310016	P33410_1020	-1
chrX	1	14613019	P33410_1005	-1
chrX	1	22129342	P33410_1019	-1
chrX	29635754	34937754	P33410_1019	-1
chrX	1	45708147	P33410_1001	-1
chrX	1	46780485	P33410_1012	-1
chrX	1	50464299	P33410_1003	-1
chrX	1	51560778	P33410_1017	-1
chrX	1	53088096	P33410_1002	-1
chrX	1	71667160	P33410_1004	-1
chrX	34937755	74243675	P33410_1019	1
chrX	25356261	102791614	P33410_1020	-1
chrX	97136238	156040895	P33410_1001	-1
chrX	1	156040895	P33410_1006	-1
chrX	1	156040895	P33410_1008	-1
chrX	1	156040895	P33410_1009	-1
chrX	1	156040895	P33410_1011	-1
chrX	1	156040895	P33410_1013	-1
chrX	1	156040895	P33410_1014	-1
chrX	1	156040895	P33410_1015	-1
chrX	1	156040895	P33410_1016	-1
chrX	74243676	156040895	P33410_1019	-1
chrX	119248200	156040895	P33410_1020	-1
chrX	1	156040895	P33410_1021	-1
chrX	1	156040895	P33410_1022	-1
chrX	1	156040895	P33410_1024	-1
chrY	1	57227415	P33410_1001	-1
chrY	1	57227415	P33410_1002	-1
chrY	1	57227415	P33410_1003	-1
chrY	1	57227415	P33410_1004	-1
chrY	1	57227415	P33410_1005	-1
chrY	1	57227415	P33410_1006	-1
chrY	21003177	57227415	P33410_1007	-1
chrY	1	57227415	P33410_1008	-1
chrY	1	57227415	P33410_1009	-1
chrY	1	57227415	P33410_1010	-1
chrY	1	57227415	P33410_1011	-1
chrY	1	57227415	P33410_1012	-1
chrY	1	57227415	P33410_1013	-1
chrY	1	57227415	P33410_1014	-1
chrY	1	57227415	P33410_1015	-1
chrY	1	57227415	P33410_1016	-1
chrY	1	57227415	P33410_1017	-1
chrY	1	57227415	P33410_1018	-1
chrY	1	57227415	P33410_1019	-1
chrY	1	57227415	P33410_1020	-1
chrY	1	57227415	P33410_1021	-1
chrY	1	57227415	P33410_1022	-1
chrY	21003177	57227415	P33410_1023	-1
chrY	1	57227415	P33410_1024	-1
