chr	end	cnv	bin_number
chr1	1961490	3.29983085919634	1
chr1	3112414	2.55255579890713	2
chr1	4144471	1.35157168454258	3
chr1	5178170	2.76075517145226	4
chr1	6203380	1.94439614544371	5
chr1	7242790	3.2259466055695	6
chr1	8283120	2.08908249284187	7
chr1	9325505	2.08471669575853	8
chr1	10377350	1.70049163060819	9
chr1	11419237	2.77712504264483	10
chr1	12454550	1.59357694588918	11
chr1	13988363	3.40244297512788	12
chr1	15020388	2.83779372894017	13
chr1	16068691	1.46293201588004	14
chr1	17371533	2.96445355863898	15
chr1	18393796	3.13739478791402	16
chr1	19414798	1.66463296165889	17
chr1	20445579	2.57448444047665	18
chr1	21516505	1.62470280646429	19
chr1	22566005	1.10482568020937	20
chr1	23598879	2.85046796187691	21
chr1	24648874	0.949908636665192	22
chr1	25773664	1.02375061339146	23
chr1	26823347	1.75560572167749	24
chr1	27878694	2.03335654212053	25
chr1	28937159	2.08322504095162	26
chr1	29971386	1.66650802983817	27
chr1	31012583	1.80035514399638	28
chr1	32051824	1.76248285263329	29
chr1	33108406	1.1333426599816	30
chr1	34150752	1.48626347198312	31
chr1	35198321	2.36822582094375	32
chr1	36236711	1.41160240282976	33
chr1	37267531	1.35481075324783	34
chr1	38304444	1.73946553325396	35
chr1	39349148	1.9274119005905	36
chr1	40426833	1.07860823164867	37
chr1	41469949	1.73953424241211	38
chr1	42507981	2.06498408429093	39
chr1	43552958	2.16040393316787	40
chr1	44578240	2.75870205412438	41
chr1	45645750	1.64320222112953	42
chr1	46699682	2.5423956748053	43
chr1	47831231	1.62501987479096	44
chr1	48885183	2.44221166774788	45
chr1	49966016	1.85435376433539	46
chr1	51004587	1.12061948316759	47
chr1	52046189	2.68824024793572	48
chr1	53098711	0.904699415928403	49
chr1	54125537	2.86914348487391	50
chr1	55171044	2.7045503769743	51
chr1	56205890	2.41560736291626	52
chr1	57234961	1.73030369699558	53
chr1	58275197	2.38040618318343	54
chr1	59317101	1.71499272088948	55
chr1	60374601	0.795776227165562	56
chr1	61419096	1.20706897747866	57
chr1	62460213	1.57304566970525	58
chr1	63506281	1.05555371690166	59
chr1	64542832	1.33792324375902	60
chr1	65590949	1.08780665149326	61
chr1	66644087	1.30265637630466	62
chr1	67693334	1.9652054400832	63
chr1	68725554	1.61494906369709	64
chr1	69782018	2.04445745742209	65
chr1	70839483	2.5933429778751	66
chr1	71874712	1.66648188203619	67
chr1	72907656	1.44660233801862	68
chr1	73940733	1.98128689766339	69
chr1	74994703	1.54646647976023	70
chr1	76063557	1.46106829369091	71
chr1	77105376	2.33129717054729	72
chr1	78143873	1.37998429880414	73
chr1	79194109	1.0847306103057	74
chr1	80246112	1.47846110502944	75
chr1	81292364	1.48452990467199	76
chr1	82326602	1.401596409437	77
chr1	83588501	2.09188595791011	78
chr1	84623713	0.976584786919342	79
chr1	85673253	0.938906873753764	80
chr1	86756378	1.8327349401915	81
chr1	87791239	2.13630278086097	82
chr1	88816538	2.25632219112119	83
chr1	89887732	1.50971502325459	84
chr1	90930649	1.27726683739365	85
chr1	91997952	1.16674888554839	86
chr1	93061647	0.937323240029913	87
chr1	94116271	0.784002128293446	88
chr1	95158242	0.946723510739153	89
chr1	96196774	0.353956114328731	90
chr1	97247973	1.37915623332223	91
chr1	98283792	1.53772602535786	92
chr1	99318828	1.16894305589581	93
chr1	100369034	0.522994014669671	94
chr1	101411380	1.0137435738284	95
chr1	102449429	0.664131373501059	96
chr1	103508933	0.735443396113779	97
chr1	104713110	0.606244703740996	98
chr1	105766760	1.01404600738243	99
chr1	106805093	1.44357154703464	100
chr1	107834697	1.17500646181028	101
chr1	109089647	0.749372086288202	102
chr1	110142156	0.797430390511493	103
chr1	111175827	0.921296250742203	104
chr1	112220575	1.58220906447969	105
chr1	113282766	0.853120533612648	106
chr1	114345421	2.29745300003406	107
chr1	115388681	0.718807106377941	108
chr1	116425229	1.14647899881504	109
chr1	117501946	1.28288241333434	110
chr1	118544195	1.88517142082196	111
chr1	119631266	1.28783396280866	112
chr1	147293911	14.3372616208728	113
chr1	150035261	7.92652844883893	114
chr1	151096964	2.20138235497703	115
chr1	152143332	2.27626702535346	116
chr1	153238787	4.46580066991886	117
chr1	154303928	2.54153316445748	118
chr1	155361048	2.14839523429471	119
chr1	156452466	3.89918568329775	120
chr1	157500258	4.53998155036977	121
chr1	158568091	4.062420275857	122
chr1	159647967	3.77409152198433	123
chr1	160691327	3.54018424612717	124
chr1	161900641	3.15871442166002	125
chr1	162963635	2.99286829485581	126
chr1	164011789	2.51381751969596	127
chr1	165056986	2.69634776904577	128
chr1	166098042	2.98315405184164	129
chr1	167167217	3.15372098391663	130
chr1	168199138	2.89702875601374	131
chr1	169249124	3.35048867393058	132
chr1	170316183	3.69223959283054	133
chr1	171362028	2.70063947396929	134
chr1	172428071	3.28446175914342	135
chr1	173486798	3.77612019759078	136
chr1	174559394	4.86565613481968	137
chr1	175628016	3.26531506796188	138
chr1	176682097	4.44004860981641	139
chr1	177725919	3.94845424297004	140
chr1	178773896	3.73382029153851	141
chr1	179841065	2.87395495764154	142
chr1	180893763	2.46995260088314	143
chr1	181933170	3.57299983219589	144
chr1	182968698	2.86285907926728	145
chr1	184011609	2.48152964541251	146
chr1	185059568	3.61888216323788	147
chr1	186118074	3.15890639907763	148
chr1	187168926	2.63251925196001	149
chr1	188221392	3.23894274946709	150
chr1	189262020	3.44402262274097	151
chr1	190302182	2.20835670028114	152
chr1	191335591	2.84654361267042	153
chr1	192367564	2.84904728136035	154
chr1	193413802	2.10156162088865	155
chr1	194465980	2.15316928671317	156
chr1	195497551	2.23765075301152	157
chr1	196544289	2.93195320973021	158
chr1	197657285	3.02495381127637	159
chr1	198703550	1.97852285864878	160
chr1	199740318	2.96188531092706	161
chr1	200780619	4.08379764141824	162
chr1	201817434	2.86728612780055	163
chr1	202921121	2.72305157182331	164
chr1	203967170	2.67202110229817	165
chr1	204992670	3.02375226612596	166
chr1	206035045	2.96766879692373	167
chr1	207306952	3.36333124414088	168
chr1	208395563	2.60271792268533	169
chr1	209432219	4.64913033533298	170
chr1	210473559	2.7822040066141	171
chr1	211540170	3.71680989893208	172
chr1	212585079	3.56265880887222	173
chr1	213646979	4.57022029333342	174
chr1	214670408	2.40775964729248	175
chr1	215713092	4.02104365949322	176
chr1	216748750	2.62458867605773	177
chr1	217779705	2.83199293802671	178
chr1	218815977	2.81354806375609	179
chr1	219878888	2.36634986130418	180
chr1	220923156	2.81800280430145	181
chr1	221952767	3.74601128427585	182
chr1	223053078	4.32792296398139	183
chr1	224286858	2.98681639838279	184
chr1	225347990	3.07570119212393	185
chr1	226397592	2.72806912368875	186
chr1	227439623	2.24159187314147	187
chr1	228503382	2.81777276731753	188
chr1	229642211	2.75182898306181	189
chr1	230676404	3.8475152668539	190
chr1	231713140	3.52725795477417	191
chr1	232757521	3.89056458851027	192
chr1	233791344	3.14614696344767	193
chr1	234857636	3.19148263971305	194
chr1	235903873	2.94507003578202	195
chr1	236947620	3.07784395819431	196
chr1	237991295	2.49401857867888	197
chr1	239027213	2.08188396353112	198
chr1	240063690	1.74155289619868	199
chr1	241099781	1.90974762488497	200
chr1	242143679	3.09792866375291	201
chr1	243467031	3.97249196106	202
chr1	244503229	2.80312893206422	203
chr1	245550712	2.5426310398678	204
chr1	246610237	2.93289327734633	205
chr1	247684653	2.6176554276855	206
chr1	248956422	3.85189545326581	207
chr2	1055211	1.37213069453503	208
chr2	2114035	2.21557962748679	209
chr2	3144990	2.97350502815965	210
chr2	4194524	2.42061544189544	211
chr2	5229551	1.85254574156482	212
chr2	6266613	2.18399451625041	213
chr2	7281941	1.60969125976257	214
chr2	8305227	2.49695383537421	215
chr2	9330409	2.16869464619871	216
chr2	10362030	2.85668788615882	217
chr2	11396486	2.2927569250692	218
chr2	12422968	2.56544743248151	219
chr2	13466365	1.63660561337269	220
chr2	14519531	2.48154177534716	221
chr2	15551700	2.09602418927035	222
chr2	16577258	1.38327222465165	223
chr2	17609456	2.58567642204947	224
chr2	18647144	1.57920058133694	225
chr2	19687821	1.43715045142366	226
chr2	20711300	1.72871427106233	227
chr2	21749980	1.57666056793159	228
chr2	22776956	1.71704246693418	229
chr2	23809267	1.8650994355065	230
chr2	24856204	2.36810137650079	231
chr2	25890348	1.625565188409	232
chr2	26921553	1.22271555894875	233
chr2	27958722	3.10412484004036	234
chr2	28983866	1.94101541279563	235
chr2	30005019	2.08561318414886	236
chr2	31041576	1.79107270239491	237
chr2	32088704	2.88732586142735	238
chr2	33131808	3.73461911799793	239
chr2	34173167	2.15095116865737	240
chr2	35224962	2.0015140980494	241
chr2	36284275	1.74225212645624	242
chr2	37312017	1.3177666172167	243
chr2	38355929	3.25346204866604	244
chr2	39389350	1.78129864889297	245
chr2	40431338	1.6893767289911	246
chr2	41459274	2.1580449538369	247
chr2	42489675	2.06612934378184	248
chr2	43524158	1.21213802783165	249
chr2	44562096	0.985979252028746	250
chr2	45595809	2.01231735410016	251
chr2	46615416	1.34167784197991	252
chr2	47644809	2.19623210769133	253
chr2	48681079	1.5999895833823	254
chr2	49732578	2.20407113154025	255
chr2	50745183	2.88519975750682	256
chr2	51777276	2.36820047554412	257
chr2	52809374	2.33771953014018	258
chr2	53845465	1.88473654595122	259
chr2	54866515	1.99285505394403	260
chr2	55918054	1.87711876772407	261
chr2	56972152	2.06607928447679	262
chr2	58023165	2.51937910418964	263
chr2	59059577	2.33482383735763	264
chr2	60101159	1.61552020907485	265
chr2	61141458	1.09266758830673	266
chr2	62175764	2.73104154333436	267
chr2	63230930	2.30394564521294	268
chr2	64279063	2.34907028751738	269
chr2	65305490	1.75978580665044	270
chr2	66359340	2.00351737396746	271
chr2	67407685	2.55873689016226	272
chr2	68440601	2.36157292509555	273
chr2	69476184	1.31643852487529	274
chr2	70514743	1.77782452444762	275
chr2	71577409	1.35083476633215	276
chr2	72617215	2.2810347705479	277
chr2	73673507	1.71298766174795	278
chr2	74733485	2.12889369243561	279
chr2	75770724	2.01872999048829	280
chr2	76837035	1.94644269450103	281
chr2	77906440	2.82221512695932	282
chr2	78941830	1.57064841798253	283
chr2	79980524	1.6133777003044	284
chr2	81004341	2.72242816567357	285
chr2	82039725	2.27350477130074	286
chr2	83060168	1.78673374334828	287
chr2	84102043	1.35821833043497	288
chr2	85151618	1.83364342787398	289
chr2	86187809	1.3419596885671	290
chr2	88271679	1.99158356329355	291
chr2	95566668	7.89657732210863	292
chr2	96914860	2.05814311278945	293
chr2	98445314	2.42410279186658	294
chr2	99497425	1.42361398522921	295
chr2	100550112	2.02142472127642	296
chr2	101589348	1.81223234580451	297
chr2	102621675	2.64293113016078	298
chr2	103656477	2.50841206951408	299
chr2	104678271	1.71867213396238	300
chr2	105711421	1.62100541722461	301
chr2	106874577	1.74541975006228	302
chr2	107993293	1.40974257897679	303
chr2	109110461	1.06551766954627	304
chr2	110903102	2.05204856466621	305
chr2	112460655	1.390470080678	306
chr2	113749893	2.09544191381631	307
chr2	114794531	2.44290155539158	308
chr2	115836594	1.97130307332387	309
chr2	116881710	2.25845348147626	310
chr2	117972474	2.42487288013659	311
chr2	119014139	2.54126438169732	312
chr2	120045748	1.48517955680965	313
chr2	121074977	2.28471227718004	314
chr2	122121290	1.95633984589449	315
chr2	123152155	1.60575186126271	316
chr2	124195779	2.66585912087688	317
chr2	125234592	2.82999544962314	318
chr2	126282464	2.28622266148239	319
chr2	127311001	2.00003670146048	320
chr2	128349254	1.65352529145189	321
chr2	129393913	3.22151688197976	322
chr2	130917135	3.12435517051206	323
chr2	132525598	2.56089122789087	324
chr2	133566668	2.57861634198666	325
chr2	134610598	2.26286176577052	326
chr2	135682548	1.91131705823627	327
chr2	136717267	3.4899283831079	328
chr2	137777400	2.301741860454	329
chr2	138810806	3.28923974404037	330
chr2	139841148	2.58528785434843	331
chr2	140867102	2.7850043884923	332
chr2	141892041	1.74589940192506	333
chr2	142929997	2.44488215651085	334
chr2	143966677	2.62445447210917	335
chr2	144996388	2.11281928151824	336
chr2	146016122	2.28311587163415	337
chr2	147048352	2.39566808337715	338
chr2	148086833	2.25382045156892	339
chr2	149141146	3.52029227147615	340
chr2	150210474	2.50543556600175	341
chr2	151230599	1.41924073914196	342
chr2	152306041	2.67877980817337	343
chr2	153342206	1.75536394245339	344
chr2	154394618	3.37154052864873	345
chr2	155427102	2.40822634264686	346
chr2	156480417	2.10485187395605	347
chr2	157535662	2.50950870912453	348
chr2	158599786	2.09926343133608	349
chr2	159649319	2.21023291137222	350
chr2	160691988	1.83731347033673	351
chr2	161763532	2.6980146816903	352
chr2	162792366	2.31706038065846	353
chr2	163817572	2.54443583633294	354
chr2	164848438	1.72864901255203	355
chr2	165892582	1.94550941782632	356
chr2	166938784	2.74849788757521	357
chr2	168003271	2.54552667698432	358
chr2	169033129	2.04396467878647	359
chr2	170098202	2.96757618228774	360
chr2	171136057	2.90874884899294	361
chr2	172183228	3.46464166760298	362
chr2	173228177	1.22791728598642	363
chr2	174263277	1.7572499499148	364
chr2	175305186	2.17545505615146	365
chr2	176369140	2.27431370053096	366
chr2	177398626	1.38627866325475	367
chr2	178446566	3.04319715624279	368
chr2	179512043	2.07829530936966	369
chr2	180541772	2.23725666027858	370
chr2	181581624	2.70777030810251	371
chr2	182632124	1.38518914080042	372
chr2	183687509	2.67131636041494	373
chr2	184733487	2.14855017622882	374
chr2	185775965	2.23844487762416	375
chr2	186831100	2.60985308016523	376
chr2	187870529	1.61890913790453	377
chr2	188906154	2.26728308366133	378
chr2	189943911	1.46309162662608	379
chr2	190988711	1.80515589048448	380
chr2	192022562	2.17076404373323	381
chr2	193074670	1.44886228958537	382
chr2	194123351	2.56792697898806	383
chr2	195182661	3.83978941151347	384
chr2	196238898	1.86785575999033	385
chr2	197287055	2.01004814824375	386
chr2	198351322	2.34349228017646	387
chr2	199392135	1.9215543312583	388
chr2	200420193	2.72940455344058	389
chr2	201481898	2.72740323148179	390
chr2	202532960	3.27351383086646	391
chr2	203584040	2.14824354790598	392
chr2	204615211	1.87010607650985	393
chr2	205650748	2.49754778026529	394
chr2	206691329	3.20506371795508	395
chr2	207739719	3.12947368722701	396
chr2	208796225	1.95117901596144	397
chr2	209874215	3.01104339168141	398
chr2	210915328	2.90737406593923	399
chr2	211956337	1.98083254985721	400
chr2	212989623	2.20649185911732	401
chr2	214030480	1.19838431185694	402
chr2	215071558	3.15609158829863	403
chr2	216118085	2.02779375938747	404
chr2	217146380	2.34372966432487	405
chr2	218172857	2.5838321222724	406
chr2	219214600	2.01260315074481	407
chr2	220246557	2.17854184383088	408
chr2	221269427	2.02221070400814	409
chr2	222301985	1.62482324389653	410
chr2	223347518	2.34595441064669	411
chr2	224379062	2.03177672619943	412
chr2	225413099	3.17017173440668	413
chr2	226444498	2.66819967017975	414
chr2	227479076	1.6949072728475	415
chr2	228537546	1.70361492647778	416
chr2	229579435	1.61765048184737	417
chr2	230631122	1.27127718501309	418
chr2	231670311	1.15646959726879	419
chr2	232750594	1.59731678089735	420
chr2	233800702	0.903504135597757	421
chr2	234838438	1.44793563386951	422
chr2	235867144	1.69833843063947	423
chr2	236897612	0.833574448535382	424
chr2	237928598	1.56833743594489	425
chr2	238959845	1.53345513850456	426
chr2	239987459	0.876372852379356	427
chr2	241045022	0.807269523658208	428
chr2	242193529	1.24670612269277	429
chr3	1083862	1.66364823162749	430
chr3	2131071	1.76440558497607	431
chr3	3165062	2.39624073420628	432
chr3	4223634	2.7923860631757	433
chr3	5268842	2.55713854604413	434
chr3	6321106	2.31771986433981	435
chr3	7370793	1.39481384542146	436
chr3	8406529	1.83707456507392	437
chr3	9448746	1.14976939872731	438
chr3	10504802	1.83426737952209	439
chr3	11540896	3.05783225387429	440
chr3	12583708	2.11194907960597	441
chr3	13619623	1.50446103534767	442
chr3	14658651	1.68557295105116	443
chr3	15720192	1.76117477745126	444
chr3	16757544	1.90785617853561	445
chr3	17804897	1.89635338395001	446
chr3	18840407	1.673398755326	447
chr3	19925748	2.08468828205912	448
chr3	20967953	1.82913557576533	449
chr3	22019209	1.05596754233886	450
chr3	23084551	1.7040203739727	451
chr3	24142303	1.66308524072312	452
chr3	25168837	2.25828355581608	453
chr3	26206130	2.46552118261925	454
chr3	27288978	2.24269130070806	455
chr3	28328600	1.395159192527	456
chr3	29376714	2.42607718298279	457
chr3	30418194	1.5413945110597	458
chr3	31435019	2.61768565219816	459
chr3	32473311	2.32224553813427	460
chr3	33521821	1.58192422908353	461
chr3	34580043	2.85359465809478	462
chr3	35631313	2.30817101315115	463
chr3	36683365	2.33669373192969	464
chr3	37722211	1.47256991462879	465
chr3	38767702	1.39438731292284	466
chr3	39823898	1.40421620446598	467
chr3	40891586	3.55582547651169	468
chr3	41963820	2.59149161364884	469
chr3	43004565	1.78956483964486	470
chr3	44059697	2.43049176399251	471
chr3	45101977	1.39064100795526	472
chr3	46126542	1.56768189350935	473
chr3	47181863	2.1407596838642	474
chr3	48238041	1.60006972748639	475
chr3	49292304	2.14466627245703	476
chr3	50346791	1.4986673393872	477
chr3	51419313	2.0833743087025	478
chr3	52465590	1.33093412923911	479
chr3	53510736	1.55942075900405	480
chr3	54549986	2.71320460732029	481
chr3	55595071	1.42964281854006	482
chr3	56630337	2.00224682128197	483
chr3	57686285	1.20615195321554	484
chr3	58725429	0.998572809937659	485
chr3	59800072	1.8995688234398	486
chr3	60823534	1.28232994381888	487
chr3	61875614	2.04538559910957	488
chr3	62894148	0.995832440939991	489
chr3	63951924	1.90989707496485	490
chr3	64972292	1.64596161281275	491
chr3	66012944	3.03213471312084	492
chr3	67048043	3.11754375532119	493
chr3	68095992	1.91580684227815	494
chr3	69131119	1.65470107431242	495
chr3	70171031	1.5675742235929	496
chr3	71214250	2.42434431901766	497
chr3	72236049	1.58612651040423	498
chr3	73267455	1.5494970401946	499
chr3	74304675	1.40481368560802	500
chr3	75395670	2.51048384336546	501
chr3	76580529	2.65646356346557	502
chr3	77607659	1.86351950243346	503
chr3	78648747	2.50438216134847	504
chr3	79689345	2.37574774925038	505
chr3	80721001	2.70912422255668	506
chr3	81764802	2.83643280609901	507
chr3	82813376	1.87251267764805	508
chr3	83847326	2.47752637598085	509
chr3	84884733	3.1663173569312	510
chr3	85920734	2.40306931108263	511
chr3	86957786	3.28698785495934	512
chr3	88004802	2.90414198670496	513
chr3	89055508	2.19426631987181	514
chr3	90124260	2.72874119244375	515
chr3	94064758	3.62670707314914	516
chr3	95117367	2.29789035037833	517
chr3	96163432	2.33103082221735	518
chr3	97205764	2.82172301075227	519
chr3	98255286	1.48458713415195	520
chr3	99324457	2.75539980151254	521
chr3	100365325	1.52027870406994	522
chr3	101418486	1.67991188727807	523
chr3	102486110	2.51542328361437	524
chr3	103532050	2.35040714508257	525
chr3	104566799	2.21090529180953	526
chr3	105594007	1.4359161729437	527
chr3	106622484	2.15313711261543	528
chr3	107671131	2.32861694388675	529
chr3	108717067	1.79001727898252	530
chr3	109788904	2.60423568381196	531
chr3	110831238	2.25497808969751	532
chr3	111882906	3.07885761610617	533
chr3	112942624	1.40431021692039	534
chr3	113989440	3.14873872622087	535
chr3	115020072	1.52599391274174	536
chr3	116053945	1.86585009483184	537
chr3	117103646	2.22398360251501	538
chr3	118130227	2.90156430028467	539
chr3	119190892	2.20218443320853	540
chr3	120223395	1.90942725639518	541
chr3	121311152	2.37055711855084	542
chr3	122383729	1.12330261710739	543
chr3	123418870	1.32273848927476	544
chr3	124462309	1.47416030023476	545
chr3	125491477	1.61551053660829	546
chr3	126654091	2.38920023920258	547
chr3	127685129	2.16453275475843	548
chr3	128706392	2.15013746540693	549
chr3	129771574	1.3388038665158	550
chr3	130921649	1.78658644766817	551
chr3	131972987	1.42212155994775	552
chr3	133055673	1.64636513556568	553
chr3	134113967	1.39227077492822	554
chr3	135148921	2.11470404226101	555
chr3	136214284	2.72134090354151	556
chr3	137291256	1.34660137738013	557
chr3	138364136	2.60116850156794	558
chr3	139424728	2.36574852126754	559
chr3	140457549	1.75454577612379	560
chr3	141507072	3.45565329922602	561
chr3	142565618	2.34844942935944	562
chr3	143597358	2.33184292572475	563
chr3	144633389	1.73761285427184	564
chr3	145672011	2.39652916819273	565
chr3	146722904	2.0161006855957	566
chr3	147764657	2.29072061254542	567
chr3	148816751	2.16459073774758	568
chr3	149849749	1.14683896280637	569
chr3	150886037	3.30403437252364	570
chr3	151927451	1.3714074507377	571
chr3	152958065	1.12991869700431	572
chr3	154033712	1.45605397289204	573
chr3	155083725	3.22633271009056	574
chr3	156144954	3.88422583297586	575
chr3	157184088	3.12949699113163	576
chr3	158245842	3.37221511429282	577
chr3	159309218	3.55944519878957	578
chr3	160369889	3.01459628519742	579
chr3	161411034	3.20809087995181	580
chr3	162454086	2.48996366946526	581
chr3	163506967	2.093084665667	582
chr3	164549767	3.04324029960089	583
chr3	165594864	3.05569080768615	584
chr3	166645955	2.84041472856997	585
chr3	167691875	2.52441173670643	586
chr3	168723557	2.37480186691072	587
chr3	169766007	2.90726694014601	588
chr3	170812233	2.6850775773847	589
chr3	171868570	3.3485892895515	590
chr3	172903146	2.35909158906225	591
chr3	173930753	2.03496459300281	592
chr3	174969261	1.96547521024822	593
chr3	176013781	2.273855508481	594
chr3	177064640	2.32450030425678	595
chr3	178108410	2.42775933801111	596
chr3	179158329	2.32505840594698	597
chr3	180202986	2.90737379848636	598
chr3	181258507	2.32465524988398	599
chr3	182292133	2.167275509438	600
chr3	183336642	2.8131748915892	601
chr3	184382271	2.63329082500841	602
chr3	185423494	3.2084940314299	603
chr3	186468745	2.17928373014172	604
chr3	187528766	2.67560422531114	605
chr3	188563128	3.2929863386616	606
chr3	189604161	3.65957958346345	607
chr3	190631726	2.07059071191617	608
chr3	191672343	4.41234140984909	609
chr3	192703708	4.34224899705255	610
chr3	193752988	3.16868530110611	611
chr3	194780668	3.49382214216362	612
chr3	195920896	2.55294592730521	613
chr3	197031640	3.55393234179581	614
chr3	198295559	2.20199119788763	615
chr4	1108998	1.61770002667195	616
chr4	2180034	2.5322936934215	617
chr4	3236313	1.89054082307636	618
chr4	4461392	4.98512997945399	619
chr4	5530691	2.31812459742316	620
chr4	6576561	1.60814676881404	621
chr4	7625577	2.51552475223337	622
chr4	8680060	3.17540542723005	623
chr4	10159398	3.70780035460223	624
chr4	11223723	1.68157008561043	625
chr4	12294552	2.24765865144143	626
chr4	13358122	2.5180893563651	627
chr4	14414125	2.6087673497865	628
chr4	15484171	2.36582238119981	629
chr4	16537953	1.51938498012315	630
chr4	17590766	2.65770621990475	631
chr4	18657980	1.71645053881678	632
chr4	19706732	2.42403371440468	633
chr4	20761536	2.62217036670214	634
chr4	21816126	1.46534166785909	635
chr4	22878513	1.89139968454924	636
chr4	23928220	1.62339336230662	637
chr4	24972801	2.00353414375001	638
chr4	26014771	1.38140387903237	639
chr4	27081951	0.962418346924069	640
chr4	28126365	1.53263520794148	641
chr4	29162474	1.51924418713569	642
chr4	30204542	0.833330845544978	643
chr4	31236150	2.11213875630919	644
chr4	32282665	2.03021255899857	645
chr4	33327954	2.25747716778047	646
chr4	34368336	1.4084644514899	647
chr4	35409882	1.58477137138493	648
chr4	36453047	1.64662362364314	649
chr4	37507915	2.36072726720643	650
chr4	38565982	2.21498377127012	651
chr4	39623047	1.91948156879505	652
chr4	40683447	1.88711747685645	653
chr4	41735651	1.22349240905781	654
chr4	42784747	1.30215525152024	655
chr4	43847261	1.78864182140815	656
chr4	44906338	3.16564451665768	657
chr4	45962137	2.22474990067636	658
chr4	47021314	2.0328474614458	659
chr4	48075660	2.30655265639111	660
chr4	52802273	4.72697791353463	661
chr4	53900694	2.38280663778762	662
chr4	54947571	1.25184766436134	663
chr4	56002968	1.5836241813279	664
chr4	57052730	1.78020022877067	665
chr4	58126558	1.80029586567687	666
chr4	59224754	1.83573140168883	667
chr4	60273516	1.71687424982286	668
chr4	61320022	1.87409089759588	669
chr4	62369699	2.62730445650607	670
chr4	63429076	1.47746724322863	671
chr4	64465993	1.60523839811924	672
chr4	65528758	1.404933390451	673
chr4	66577120	2.08665809624934	674
chr4	67631307	2.25899094561621	675
chr4	68714830	2.21825909099285	676
chr4	69840268	1.85546147272353	677
chr4	70897869	1.07225754474336	678
chr4	71966890	2.29494146857471	679
chr4	73040706	2.39393166140275	680
chr4	74082474	1.88587225388379	681
chr4	75122008	1.22001346180303	682
chr4	76200581	2.45568162841027	683
chr4	77230296	1.51363029770744	684
chr4	78302855	1.56585809107255	685
chr4	79352662	2.61693772311307	686
chr4	80398717	1.65610588989045	687
chr4	81447691	1.91944624255142	688
chr4	82506288	1.30034312256522	689
chr4	83552218	0.967344961418633	690
chr4	84598897	0.921025051889155	691
chr4	85644631	1.94245463413398	692
chr4	86708482	1.40295209291205	693
chr4	87767633	1.36333961413572	694
chr4	88811879	1.5674509800304	695
chr4	89853248	2.32808046857616	696
chr4	90906764	2.56847067600932	697
chr4	91975650	1.50613412812662	698
chr4	93025187	2.30634749998258	699
chr4	94078215	1.74799060367634	700
chr4	95132934	1.41246243739901	701
chr4	96179927	1.13981970298906	702
chr4	97219778	1.84488016250901	703
chr4	98294946	1.94250151932082	704
chr4	99361383	2.423304082455	705
chr4	100409515	1.70429664720718	706
chr4	101441621	2.05801952346515	707
chr4	102498199	2.25847178090306	708
chr4	103584127	2.1825215650645	709
chr4	104649868	3.63913137631008	710
chr4	105705286	1.88908496472885	711
chr4	106779997	3.06879581541811	712
chr4	107825209	2.04135897183067	713
chr4	108862659	1.73733903792369	714
chr4	109911801	1.01634201979326	715
chr4	110973607	2.08802428781094	716
chr4	112039508	1.86982243641253	717
chr4	113092690	2.5830554836233	718
chr4	114131226	2.30886507625039	719
chr4	115157432	1.97018479033392	720
chr4	116192182	2.35997450135991	721
chr4	117232049	1.72293527309875	722
chr4	118280307	2.36931312635411	723
chr4	119591417	2.15648687307692	724
chr4	120635066	2.68784273941183	725
chr4	121680080	3.19544685766765	726
chr4	122728124	1.91371625796179	727
chr4	123783102	2.65475113625616	728
chr4	124825318	1.8401057988009	729
chr4	125854353	1.26722696669911	730
chr4	126896238	2.14353460306614	731
chr4	127977478	1.47761247838169	732
chr4	129033911	1.83768223807967	733
chr4	130090044	1.82756657349284	734
chr4	131117914	1.87846813470154	735
chr4	132335003	2.39406129063916	736
chr4	133372309	1.13376325119388	737
chr4	134405034	2.54142021393416	738
chr4	135461561	3.20329551055148	739
chr4	136488830	1.78450993892514	740
chr4	137508463	2.64660117436153	741
chr4	138541363	2.51264063614151	742
chr4	139593836	1.97011205098809	743
chr4	140634327	2.05902012235105	744
chr4	141691259	2.60112953132122	745
chr4	142737925	1.98514327753433	746
chr4	143807193	2.00578240114568	747
chr4	145005531	3.00691567629831	748
chr4	146068335	2.0010021903502	749
chr4	147119363	1.22350644507699	750
chr4	148167076	2.13391307210677	751
chr4	149209484	1.86704664687203	752
chr4	150257865	1.35617092301276	753
chr4	151300354	2.18512422093418	754
chr4	152332257	2.09479731781174	755
chr4	153360811	2.35093402711057	756
chr4	154398130	1.88063066872239	757
chr4	155430745	2.22178938672335	758
chr4	156464722	1.93713855625237	759
chr4	157494940	2.77544147910122	760
chr4	158559034	2.57412914137228	761
chr4	159602362	2.35262438005006	762
chr4	160670389	2.66862805877882	763
chr4	161707128	2.33042119852508	764
chr4	162732861	3.14570232118039	765
chr4	163782015	2.13794034521343	766
chr4	164858521	2.48005897313509	767
chr4	165936214	2.43233973534681	768
chr4	166998935	2.79978862567357	769
chr4	168053908	2.98061172094286	770
chr4	169087199	2.23173082036296	771
chr4	170141050	2.93367021552729	772
chr4	171203714	2.03984807795331	773
chr4	172232319	1.94308138285199	774
chr4	173262938	2.07093994374398	775
chr4	174297723	1.93777127574702	776
chr4	175336938	1.9738623360782	777
chr4	176370183	1.8832904927153	778
chr4	177397615	1.85316123869898	779
chr4	178436924	2.19460167235424	780
chr4	179470817	2.12988601949467	781
chr4	180504732	2.15113064888574	782
chr4	181536922	2.63410619057416	783
chr4	182570066	3.0773323371037	784
chr4	183615681	2.18268240608899	785
chr4	184656723	1.77114748195929	786
chr4	185692421	1.67021610500049	787
chr4	186743563	1.49277493886761	788
chr4	187791270	1.73619917231598	789
chr4	188854800	2.49975959410983	790
chr4	190214555	1.95576636590058	791
chr5	1223081	2.03975090191569	792
chr5	2306726	1.48708035441215	793
chr5	3343246	2.22551670173013	794
chr5	4384413	2.2529984483374	795
chr5	5438397	1.57658666577683	796
chr5	6473947	2.28695563629323	797
chr5	7560124	1.74999415198394	798
chr5	8613519	2.39561703399212	799
chr5	9671225	2.2051855846218	800
chr5	10722458	2.06206531185508	801
chr5	11761254	1.79135018771506	802
chr5	12809571	0.906218303514807	803
chr5	13855160	1.84907952337362	804
chr5	14897960	2.06446912646333	805
chr5	15960678	1.9492545324162	806
chr5	17026342	3.63553377273227	807
chr5	18173516	0.852100532914493	808
chr5	19236013	1.35650030920782	809
chr5	20279651	1.71061460277342	810
chr5	21658310	1.53034786055104	811
chr5	22805418	1.53727073825947	812
chr5	23847107	0.914174947021201	813
chr5	24894781	1.26740492630587	814
chr5	25961113	1.55979450923263	815
chr5	27007811	1.4106631916065	816
chr5	28055862	1.6949887660915	817
chr5	29121102	2.05989696096312	818
chr5	30186165	1.34086593628485	819
chr5	31247657	1.22556202362824	820
chr5	32300455	2.67045142846058	821
chr5	33378981	2.74862062342412	822
chr5	34669917	2.17098440107232	823
chr5	35742149	2.29139074153702	824
chr5	36795939	1.9706849179448	825
chr5	37887707	2.3150526495551	826
chr5	38935123	3.49859144940103	827
chr5	39996703	2.65920434364248	828
chr5	41065369	2.69235378678602	829
chr5	42143648	1.96726480182186	830
chr5	43230703	1.29428309310043	831
chr5	44338771	1.59485730037924	832
chr5	45405725	1.78317046920467	833
chr5	51197801	4.31783683013244	834
chr5	52260745	2.07017469449458	835
chr5	53314577	1.43996472247029	836
chr5	54360461	1.57438642668854	837
chr5	55405664	1.90753980962454	838
chr5	56456388	1.65363639297796	839
chr5	57495648	1.79544737960976	840
chr5	58550215	1.99952978716706	841
chr5	59590555	2.81121640841775	842
chr5	60642389	2.44520322147214	843
chr5	61689074	1.82280129971748	844
chr5	62745960	2.09293170099913	845
chr5	63819446	2.55545313691807	846
chr5	64876886	2.75814269218671	847
chr5	65920395	2.38350628032815	848
chr5	66967762	2.13542996368201	849
chr5	68033609	1.99773799663764	850
chr5	69067614	2.29375713187518	851
chr5	71964988	5.657944300847	852
chr5	72998548	1.48513897749449	853
chr5	74020857	2.93211698002635	854
chr5	75050544	2.55028876204118	855
chr5	76135546	2.28074495931952	856
chr5	77180750	1.98889188535896	857
chr5	78224945	1.5236864146993	858
chr5	79292895	1.74772436099159	859
chr5	80340247	1.68131313113487	860
chr5	81397954	2.50900762669272	861
chr5	82458719	2.25963338196814	862
chr5	83509880	2.57278830530077	863
chr5	84544011	1.97143173273702	864
chr5	85572979	3.03172836152495	865
chr5	86639989	2.25291342922194	866
chr5	87683759	1.87768896506353	867
chr5	88726107	1.79549376703748	868
chr5	89767385	1.41859879829793	869
chr5	90827195	2.27561861886225	870
chr5	91861420	1.57839031399577	871
chr5	92900251	2.55807004733067	872
chr5	93955179	2.87725480553118	873
chr5	94980427	2.55094068350206	874
chr5	96012458	2.97166097289167	875
chr5	97048137	1.92914423036537	876
chr5	98125157	2.93823588258607	877
chr5	99172145	2.7390084884369	878
chr5	100415301	2.0002625176763	879
chr5	101485503	2.49910557890096	880
chr5	102548418	1.98678448039378	881
chr5	103581482	2.33919134423247	882
chr5	104625620	1.9157336669588	883
chr5	105663020	2.06465431498057	884
chr5	106690583	2.08117953875714	885
chr5	107726238	1.5320072071746	886
chr5	108752473	1.96495951745487	887
chr5	109810949	2.18658461039798	888
chr5	110849550	3.00260792778957	889
chr5	111911519	5.06864097821037	890
chr5	112952913	2.11142913868122	891
chr5	113990678	3.52964334802436	892
chr5	115047339	3.0151613826833	893
chr5	116086710	2.11154685614587	894
chr5	117126644	2.54619635295231	895
chr5	118164435	2.57438663168915	896
chr5	119205883	3.17102901776825	897
chr5	120263449	2.75731807331672	898
chr5	121317787	3.85006800004578	899
chr5	122367088	4.17524849910876	900
chr5	123423119	1.7991701844529	901
chr5	124456716	3.63560919934009	902
chr5	125485302	2.68197987002257	903
chr5	126533061	1.66300286211558	904
chr5	127594810	2.92974995427467	905
chr5	128635193	2.42445426824274	906
chr5	129685008	1.71327224988113	907
chr5	130728609	3.63150922973574	908
chr5	131808603	3.01853756433854	909
chr5	132857628	2.03148387087403	910
chr5	133896564	1.95618724499631	911
chr5	134939711	2.26511716277435	912
chr5	135955479	2.6509648811562	913
chr5	137006988	3.6245021570143	914
chr5	138049909	3.80524274605515	915
chr5	139100575	1.47616046385501	916
chr5	140138527	2.61527490703453	917
chr5	141195083	1.54233738616632	918
chr5	142233181	1.42866375336429	919
chr5	143260393	2.09443540479352	920
chr5	144286227	1.74960198367143	921
chr5	145351341	2.33874965169357	922
chr5	146393771	2.75307618153776	923
chr5	147428612	2.85999042112616	924
chr5	148484539	2.2876382674758	925
chr5	149522521	2.507429359906	926
chr5	150547422	2.24929779765233	927
chr5	151582348	1.480764611738	928
chr5	152632874	2.89145588282987	929
chr5	153714133	3.52634813194276	930
chr5	154746269	2.59788267437661	931
chr5	155794181	2.45509036836959	932
chr5	156838633	2.41612079993753	933
chr5	157879721	1.86739109036976	934
chr5	158908849	2.02890125073011	935
chr5	159937195	2.5860934517064	936
chr5	160985220	2.05226563794523	937
chr5	162020535	2.59430004994575	938
chr5	163075362	4.29736054538242	939
chr5	164119472	1.82152447437449	940
chr5	165146318	3.32200837517735	941
chr5	166177292	2.1661943045942	942
chr5	167205533	2.58950644978414	943
chr5	168229127	2.39652558646984	944
chr5	169258010	2.84180929499453	945
chr5	170290414	2.12392181345185	946
chr5	171333173	1.79425285404762	947
chr5	172364077	2.49734034044559	948
chr5	173392156	2.54501721359748	949
chr5	174419653	2.91487765288926	950
chr5	175456502	3.65034078136223	951
chr5	176747773	4.44690963722158	952
chr5	178094203	3.04615166487508	953
chr5	179144200	2.1512485492487	954
chr5	180211672	2.61023106708668	955
chr5	181538259	2.45864531472459	956
chr6	1187131	1.75607346981413	957
chr6	2226407	1.33177575403886	958
chr6	3280481	0.88244384312606	959
chr6	4315916	1.81505810527085	960
chr6	5352858	1.96552911846574	961
chr6	6416655	1.9958398080537	962
chr6	7453915	1.23747955843625	963
chr6	8487951	1.86880034756689	964
chr6	9529639	1.33208187042502	965
chr6	10577772	1.40648956136813	966
chr6	11620043	1.44851316953332	967
chr6	12653376	1.74236022386761	968
chr6	13682530	1.31471860579955	969
chr6	14715242	1.11851399891412	970
chr6	15749105	1.61850668691221	971
chr6	16788327	1.3107896318775	972
chr6	17832661	1.76065677825313	973
chr6	18871595	1.72926229391086	974
chr6	19934460	1.75923327786889	975
chr6	20969676	1.12821291061947	976
chr6	22010970	1.86094583476172	977
chr6	23049150	1.36859453799077	978
chr6	24109536	1.45605433135219	979
chr6	25150231	1.40197078319368	980
chr6	26178229	1.18084170081649	981
chr6	27493328	1.21932180395355	982
chr6	28536016	0.852540561914482	983
chr6	29598793	1.72066568385793	984
chr6	30662380	0.926070555399628	985
chr6	31720544	1.97702565395504	986
chr6	32848370	1.03726923781235	987
chr6	33889622	1.83080452113408	988
chr6	34930210	1.81621699063737	989
chr6	35977257	1.05606149473115	990
chr6	37009688	0.952438211567035	991
chr6	38042716	0.960808370935812	992
chr6	39074914	0.650310085376246	993
chr6	40113744	1.27710642998526	994
chr6	41133635	1.32640988209931	995
chr6	42172554	1.07978498330591	996
chr6	43220491	1.5634719156389	997
chr6	44251924	2.18899801345854	998
chr6	45325163	1.19468034877459	999
chr6	46364790	1.71940409343394	1000
chr6	47404240	0.842750585940875	1001
chr6	48441328	1.3425033172021	1002
chr6	49493495	1.19006727086754	1003
chr6	50536561	0.896334245650757	1004
chr6	51593742	0.709918101856874	1005
chr6	52647292	1.18250346917182	1006
chr6	53715969	0.700519139025974	1007
chr6	54753319	0.540760466412678	1008
chr6	55810660	0.751093241694046	1009
chr6	56851253	0.799136415850104	1010
chr6	61804079	4.90799506296477	1011
chr6	62851892	1.41778607773914	1012
chr6	63909144	1.72569398637571	1013
chr6	64961477	1.86722015290786	1014
chr6	66021410	1.99297510614293	1015
chr6	67062860	1.04381414341256	1016
chr6	68101186	1.73732038630458	1017
chr6	69136741	1.79925769221346	1018
chr6	70189518	1.65990997935113	1019
chr6	71251825	2.12475745572357	1020
chr6	72294741	2.27453854740942	1021
chr6	73349952	1.41924721799106	1022
chr6	74439720	1.5442810095903	1023
chr6	75497281	2.31401268218301	1024
chr6	76550174	2.01516673253392	1025
chr6	77604076	1.41045353578557	1026
chr6	78690857	1.79489956504242	1027
chr6	79751995	1.30563252598244	1028
chr6	80812114	1.59298121670556	1029
chr6	81885338	2.46876955655004	1030
chr6	82957766	3.03497756215562	1031
chr6	84011614	2.30448421201574	1032
chr6	85074181	2.6155987253858	1033
chr6	86169401	1.70770112037231	1034
chr6	87259145	3.46889099638236	1035
chr6	88294686	2.22653968263315	1036
chr6	89357184	1.71659196335943	1037
chr6	90386483	2.57257418907903	1038
chr6	91415234	2.16046994820806	1039
chr6	92442590	2.62788044143336	1040
chr6	93473032	2.20073901212768	1041
chr6	94507692	3.20277297500721	1042
chr6	95611209	1.6812415041215	1043
chr6	96656532	2.37960944305497	1044
chr6	97680932	1.81657836509749	1045
chr6	98728489	1.7835941275041	1046
chr6	99774667	1.69130052921354	1047
chr6	100827452	1.92259100249344	1048
chr6	101869565	2.20710895183291	1049
chr6	102918185	2.86544896563054	1050
chr6	103962570	2.32409467124406	1051
chr6	105014015	3.11557817104609	1052
chr6	106056403	1.43490242339557	1053
chr6	107091924	1.79604672752525	1054
chr6	108138520	1.55675888634623	1055
chr6	109184663	0.814365574506217	1056
chr6	110248728	1.73276714956761	1057
chr6	111292312	1.9839005937737	1058
chr6	112320202	1.28507251290223	1059
chr6	113372065	3.25618226497381	1060
chr6	114398447	1.03448212842198	1061
chr6	115476465	2.8889270099172	1062
chr6	116518430	2.87715252514264	1063
chr6	117574575	1.98061685162032	1064
chr6	118626351	1.93686667793187	1065
chr6	119654643	1.80720384330748	1066
chr6	120700391	2.62467633206862	1067
chr6	121768128	2.04988345291247	1068
chr6	122801126	2.0974047184077	1069
chr6	123841407	1.23796885739887	1070
chr6	124884998	1.63107448576495	1071
chr6	125925645	1.26519067757959	1072
chr6	126974874	2.31008271075897	1073
chr6	128014641	1.49112528324273	1074
chr6	129051393	1.86445929281311	1075
chr6	130081067	1.81497352583648	1076
chr6	131120476	2.47086477365228	1077
chr6	132182504	2.41198458840382	1078
chr6	133217612	1.88795842925263	1079
chr6	134250525	1.78804863006819	1080
chr6	135276385	1.94675139849187	1081
chr6	136318812	1.63029117752194	1082
chr6	137344178	1.91353209335342	1083
chr6	138374271	1.65375289620231	1084
chr6	139413143	1.41901532657789	1085
chr6	140441803	2.32900119767181	1086
chr6	141469896	1.73548593333458	1087
chr6	142525219	1.41888807421076	1088
chr6	143553293	0.77497667185915	1089
chr6	144582298	0.408658512183873	1090
chr6	145612075	1.21771547031562	1091
chr6	146658762	0.520923158847222	1092
chr6	147678890	0.758885325536634	1093
chr6	148718471	0.392662128537457	1094
chr6	149745648	0.475948889509475	1095
chr6	150794424	0.598732003920825	1096
chr6	151833470	0.853570931273689	1097
chr6	152870105	1.29967669876801	1098
chr6	153902076	0.684148434497664	1099
chr6	154931294	1.12123387428425	1100
chr6	155954236	0.374139117242364	1101
chr6	156996359	0.625367688195363	1102
chr6	158019787	0.803264525206642	1103
chr6	159064516	0.432102274199274	1104
chr6	160101441	1.37095307585972	1105
chr6	161195656	1.26116339318441	1106
chr6	162220316	0.494898050184301	1107
chr6	163246433	0.7202804546706	1108
chr6	164263448	0.446057938328978	1109
chr6	165315845	0.880129526705155	1110
chr6	166342511	1.00697119502058	1111
chr6	167442480	0.640232558095512	1112
chr6	168518167	0.815095943374714	1113
chr6	169567068	0.798091814128459	1114
chr6	170805979	0.747428029514273	1115
chr7	1124030	2.439212314001	1116
chr7	2188315	2.32399798238011	1117
chr7	3255564	2.79217081302736	1118
chr7	4297980	1.82424817488019	1119
chr7	5412437	2.9086874581507	1120
chr7	6576117	3.01496706528358	1121
chr7	7795856	4.93792460085395	1122
chr7	8843178	2.27535318557749	1123
chr7	9907562	2.78919862461184	1124
chr7	10972923	3.90107428869204	1125
chr7	12009342	2.36907195803986	1126
chr7	13066870	2.4037222821494	1127
chr7	14125047	3.49616564973523	1128
chr7	15183104	3.68815759579037	1129
chr7	16233848	1.94105648361836	1130
chr7	17287027	3.96613121831818	1131
chr7	18332777	2.59957767087925	1132
chr7	19383764	1.92863757448872	1133
chr7	20449571	1.8254434704601	1134
chr7	21505466	2.38014560455181	1135
chr7	22575967	3.13557772832936	1136
chr7	23648508	2.3078669557949	1137
chr7	24719364	4.66750946544002	1138
chr7	25780285	1.94292862534199	1139
chr7	26827997	2.19021229826729	1140
chr7	27891204	1.57436259741265	1141
chr7	28928272	3.00639354090156	1142
chr7	30014846	2.57192291211264	1143
chr7	31077877	1.68904502517412	1144
chr7	32137979	2.69360104027914	1145
chr7	33311414	2.76131496454194	1146
chr7	34374891	2.65231204152701	1147
chr7	35572724	3.8315516004599	1148
chr7	36662440	2.79096950124096	1149
chr7	37719940	2.43582080070501	1150
chr7	38780533	3.15371800231703	1151
chr7	39848768	3.73380641635172	1152
chr7	40917949	4.20762215595922	1153
chr7	41953774	2.56811696706235	1154
chr7	42999864	1.67396742697566	1155
chr7	44113760	2.64794921591195	1156
chr7	45164696	1.84119702886083	1157
chr7	46296581	3.01920193988726	1158
chr7	47339915	2.70464752530879	1159
chr7	48383435	1.53168330206017	1160
chr7	49462668	3.44280093530755	1161
chr7	50514102	2.00273699876898	1162
chr7	51591345	3.46908908198969	1163
chr7	52655876	2.74781593743531	1164
chr7	53707510	1.97366470729115	1165
chr7	54787056	3.17268671698383	1166
chr7	55913865	2.29871134069021	1167
chr7	57388541	3.24605666776451	1168
chr7	64096934	7.66962905378862	1169
chr7	65315177	2.76317116064204	1170
chr7	66647343	3.47258966161449	1171
chr7	67845934	3.19454708269651	1172
chr7	68883150	2.85561733337618	1173
chr7	69912770	2.56083929603534	1174
chr7	70945232	2.03619162230671	1175
chr7	71978221	3.86312774297455	1176
chr7	73548590	3.32690164412853	1177
chr7	74608203	2.62470116528418	1178
chr7	76317401	4.81306111704891	1179
chr7	77888303	3.03592609087184	1180
chr7	78931402	1.66075912110159	1181
chr7	79970376	2.54486356236146	1182
chr7	81001097	2.08195315916345	1183
chr7	82037771	2.0591051153905	1184
chr7	83077628	1.34875675894045	1185
chr7	84136428	3.03117232982749	1186
chr7	85176393	3.31825254070086	1187
chr7	86217774	2.70603318889692	1188
chr7	87284865	1.84301063789083	1189
chr7	88340567	2.49212575600999	1190
chr7	89384087	2.41890775003912	1191
chr7	90478950	2.48418830449701	1192
chr7	91549623	3.41897177106546	1193
chr7	92620762	2.11504758486374	1194
chr7	93678130	2.64406342439847	1195
chr7	94711643	1.79902520439088	1196
chr7	95758643	1.76828654194288	1197
chr7	96807298	2.11693478354662	1198
chr7	97919396	2.43562267021539	1199
chr7	98990325	2.52739663484798	1200
chr7	100056202	2.73347771552103	1201
chr7	101175182	3.22557725399118	1202
chr7	102219395	1.90959837209721	1203
chr7	103663596	3.72743113063286	1204
chr7	104741599	3.30066792917922	1205
chr7	105794676	1.56831893771534	1206
chr7	106848873	4.72892096838201	1207
chr7	107897159	3.65426523930983	1208
chr7	108935345	3.04401054996639	1209
chr7	110001994	4.87790357520064	1210
chr7	111058346	4.08208021493203	1211
chr7	112112748	3.64810985186954	1212
chr7	113162422	4.30182905919776	1213
chr7	114234686	3.62508658210687	1214
chr7	115277426	3.15786582815136	1215
chr7	116308044	3.67086764038623	1216
chr7	117352291	3.39725146897932	1217
chr7	118388667	5.5380944381713	1218
chr7	119420322	3.87002170153128	1219
chr7	120471082	4.53043089189813	1220
chr7	121510329	3.01655646029556	1221
chr7	122550918	3.57530066922707	1222
chr7	123610644	4.35755476221921	1223
chr7	124656882	3.97653360799019	1224
chr7	125698846	4.15001023404012	1225
chr7	126743395	3.61199605666025	1226
chr7	127797461	3.65289827456007	1227
chr7	128923652	5.19465854680444	1228
chr7	129965310	3.83131741407558	1229
chr7	131018533	5.41231795798675	1230
chr7	132055302	4.52840122451196	1231
chr7	133080441	4.38456726314649	1232
chr7	134116880	4.49123888177953	1233
chr7	135155222	3.29463867122695	1234
chr7	136193463	2.95516028582199	1235
chr7	137253889	3.82626425959201	1236
chr7	138289534	3.56441908140752	1237
chr7	139343526	3.66768284906197	1238
chr7	140385699	4.90057983220375	1239
chr7	141450372	3.08647162797658	1240
chr7	142504482	3.2825281510846	1241
chr7	143879594	4.51807958813936	1242
chr7	145109298	4.54725993258406	1243
chr7	146173998	3.1874760272084	1244
chr7	147222652	2.47854090635723	1245
chr7	148263042	4.70669537521536	1246
chr7	149318393	4.61525618116661	1247
chr7	150646464	4.66634527899788	1248
chr7	151686478	4.09772959473396	1249
chr7	152810071	2.37731693733545	1250
chr7	153956679	4.21112607920713	1251
chr7	155121016	3.25010966236305	1252
chr7	156152885	2.32651788073811	1253
chr7	157198876	2.78167083032505	1254
chr7	158262479	5.10261837222918	1255
chr7	159345973	2.83019386106686	1256
chr8	1331743	2.53265219925246	1257
chr8	2600798	1.60853372077323	1258
chr8	3635260	2.4969307807258	1259
chr8	4654843	1.05914075070501	1260
chr8	5681264	1.98909625645118	1261
chr8	6720037	2.55448578905955	1262
chr8	8840330	3.66909623466286	1263
chr8	9884282	2.11471086536263	1264
chr8	10904150	2.74039216260824	1265
chr8	11939116	2.979177402244	1266
chr8	13528580	1.8885754192782	1267
chr8	14557498	1.31939932857947	1268
chr8	15597517	2.5663336170138	1269
chr8	16623999	1.14661465062489	1270
chr8	17661160	1.46886549591462	1271
chr8	18685707	1.24727913372269	1272
chr8	19705873	2.6346506347079	1273
chr8	20735470	2.55381680874066	1274
chr8	21754424	1.55435524616194	1275
chr8	22783201	2.65324769851181	1276
chr8	23823648	1.99783038178142	1277
chr8	24859923	2.25768251320182	1278
chr8	25901125	2.35845962620321	1279
chr8	26923386	1.57599402787844	1280
chr8	27960642	2.02796712226475	1281
chr8	28992332	2.97273482169482	1282
chr8	30023017	2.23827923188906	1283
chr8	31071457	2.151836139989	1284
chr8	32119396	2.17160865275506	1285
chr8	33142754	2.1403686183525	1286
chr8	34191211	2.75945386022122	1287
chr8	35231592	1.55213687859352	1288
chr8	36266725	2.10129156403453	1289
chr8	37306489	2.86628374501888	1290
chr8	38342223	1.37627853470293	1291
chr8	39378173	1.00676461281496	1292
chr8	40418543	1.67430794857199	1293
chr8	41464765	4.18826484867845	1294
chr8	42497870	2.0340027775734	1295
chr8	43587044	2.16700389973444	1296
chr8	46633708	2.55114658422397	1297
chr8	47743430	2.3330989810913	1298
chr8	48792610	1.56449136108616	1299
chr8	49839428	1.42316651626508	1300
chr8	50887566	1.52905787835046	1301
chr8	51934573	2.56362142801209	1302
chr8	52964399	1.79996110606593	1303
chr8	54028428	2.11181482087102	1304
chr8	55076232	2.23971006598972	1305
chr8	56123497	1.99516496800238	1306
chr8	57183699	2.40669776740858	1307
chr8	58222748	1.68687976654864	1308
chr8	59266864	1.32209249355224	1309
chr8	60321102	2.65509998885635	1310
chr8	61366825	1.14717606256914	1311
chr8	62412975	1.31002397960519	1312
chr8	63450839	1.54727521732098	1313
chr8	64503525	2.17174906287945	1314
chr8	65548394	1.47223363904093	1315
chr8	66589611	1.42014973047288	1316
chr8	67640543	2.40097800931424	1317
chr8	68686201	1.3595266749799	1318
chr8	69737379	1.48519572167918	1319
chr8	70800995	2.38597748288931	1320
chr8	71853140	2.45887103243741	1321
chr8	72905022	1.76733694485278	1322
chr8	73945392	1.75632484493161	1323
chr8	75000262	1.07680796504093	1324
chr8	76048028	1.32698799594353	1325
chr8	77086122	1.43983216283733	1326
chr8	78127151	2.88499092039802	1327
chr8	79161212	2.04977332451172	1328
chr8	80209104	1.90281660626697	1329
chr8	81253650	2.85048951506578	1330
chr8	82297719	0.956901904051938	1331
chr8	83328819	0.155122096269118	1332
chr8	84378085	0.271775061989049	1333
chr8	85445493	0.300304912389346	1334
chr8	86659536	0.509281618479045	1335
chr8	87729625	0.545699455313856	1336
chr8	88778449	0.630365340987447	1337
chr8	89855473	0.55781893565069	1338
chr8	90896799	0.297162056435815	1339
chr8	91966056	0.322688243081771	1340
chr8	93000814	0.362038792430959	1341
chr8	94047700	0.700714509448723	1342
chr8	95084295	0.874447019227939	1343
chr8	96144088	0.744268235238827	1344
chr8	97174524	1.1314204249632	1345
chr8	98230448	0.856872477011492	1346
chr8	99305436	0.487122371784983	1347
chr8	100370373	0.659382989697652	1348
chr8	101405537	0.543667688116729	1349
chr8	102460396	0.897500495585238	1350
chr8	103488139	0.686957778537927	1351
chr8	104540390	0.628777929506612	1352
chr8	105570423	0.606027026504404	1353
chr8	106609635	0.844437809179043	1354
chr8	107641546	0.238494674697511	1355
chr8	108699333	0.223151161155294	1356
chr8	109731920	0.220759074808763	1357
chr8	110769596	0.185365574460993	1358
chr8	111801777	0.378618255312332	1359
chr8	112836799	0.462314237280569	1360
chr8	113869031	0.37459264764548	1361
chr8	114934179	0.547950299288028	1362
chr8	115966508	0.474299439952271	1363
chr8	116998023	0.992178830210885	1364
chr8	118030023	1.02707673452128	1365
chr8	119065409	1.34779970542477	1366
chr8	120130205	1.48095833491257	1367
chr8	121181777	2.23260469002414	1368
chr8	122220459	0.688435183760617	1369
chr8	123255726	1.38819286267637	1370
chr8	124285554	1.2829643619634	1371
chr8	125317054	1.21814235401298	1372
chr8	126364214	2.566154585488	1373
chr8	127412677	2.11001585680397	1374
chr8	128444056	1.54024618257711	1375
chr8	129509548	1.56363974939201	1376
chr8	130537509	1.69518282801484	1377
chr8	131581957	2.63283536839622	1378
chr8	132626581	1.32823183944403	1379
chr8	133646031	1.45300960870563	1380
chr8	134685247	2.2997099243039	1381
chr8	135712416	1.34140824128304	1382
chr8	136759997	1.5297446105181	1383
chr8	137797329	1.30310581983073	1384
chr8	138848748	1.80148821759936	1385
chr8	139869488	1.47848779049553	1386
chr8	140904307	1.96352493462235	1387
chr8	141932212	1.23453424858273	1388
chr8	142966198	1.77084763348967	1389
chr8	144016282	1.16396880916368	1390
chr8	145138636	1.36825875671713	1391
chr9	1236021	1.76588573682721	1392
chr9	2297487	1.74760740521799	1393
chr9	3345021	2.0446543068975	1394
chr9	4388668	1.64013047470821	1395
chr9	5471042	1.89731191823809	1396
chr9	6557147	1.42087974769543	1397
chr9	7604933	1.9007007758159	1398
chr9	8656050	1.66510388745682	1399
chr9	9694915	2.05735752615028	1400
chr9	10746338	2.00597464268728	1401
chr9	11809324	2.31248480438775	1402
chr9	12857395	1.27539572449036	1403
chr9	13908925	1.22650297774996	1404
chr9	14954281	0.78644095223288	1405
chr9	16045434	1.2980393379418	1406
chr9	17086327	1.19018037245238	1407
chr9	18156913	0.889987914539954	1408
chr9	19222762	0.412962490474584	1409
chr9	20296441	0.734698023932106	1410
chr9	21363478	0.497642757184756	1411
chr9	22432933	0.854790210589386	1412
chr9	23496019	0.854593303336571	1413
chr9	24553994	0.783002408230306	1414
chr9	25617792	0.395963401282543	1415
chr9	26671306	0.992224297902071	1416
chr9	27727962	0.601657345304249	1417
chr9	28789001	2.27375052280224	1418
chr9	29839115	2.70060890732744	1419
chr9	30896971	2.24055885420285	1420
chr9	31967165	2.23598835012512	1421
chr9	33051906	2.85840560737407	1422
chr9	34190677	1.88881379217291	1423
chr9	35275653	2.59556851335476	1424
chr9	36322569	1.82021613713645	1425
chr9	37373709	1.69632081001902	1426
chr9	38414506	1.36492079352279	1427
chr9	68832607	28.1326019106285	1428
chr9	69893890	2.53144524982731	1429
chr9	70964996	2.0707736659111	1430
chr9	71995708	2.0930890775231	1431
chr9	73037610	2.37899184979092	1432
chr9	74061951	1.05094779890318	1433
chr9	75099158	1.87567594808253	1434
chr9	76146295	2.26976295290777	1435
chr9	77189386	1.40961881571943	1436
chr9	78245850	1.85886192693608	1437
chr9	79290045	2.01196048644538	1438
chr9	80335156	2.510278201038	1439
chr9	81393848	3.21730543012729	1440
chr9	82473617	2.0150247743599	1441
chr9	83522618	1.80975005812277	1442
chr9	84611943	2.88003302700328	1443
chr9	85646470	2.00712714388697	1444
chr9	86758270	2.25003941416763	1445
chr9	87794842	2.17972667183742	1446
chr9	88897422	1.7758530124706	1447
chr9	89929180	1.64267854425978	1448
chr9	90987650	3.09962355802327	1449
chr9	92024287	2.02807094780912	1450
chr9	93107172	3.10402358563965	1451
chr9	94162047	1.21383946673292	1452
chr9	95305888	1.89762897322767	1453
chr9	96339946	1.39575449306503	1454
chr9	97529244	1.41047722391984	1455
chr9	98573044	1.98657226861277	1456
chr9	99596861	1.35190326627791	1457
chr9	100644959	2.12451356890437	1458
chr9	101704859	1.63527373884547	1459
chr9	102757238	1.88284584302679	1460
chr9	103809398	2.71132074791631	1461
chr9	104851818	1.11863972265199	1462
chr9	105918586	2.22677454371394	1463
chr9	106967502	1.56251164386008	1464
chr9	107998858	1.15899961187022	1465
chr9	109037342	1.91010512891407	1466
chr9	110068501	1.95514990688832	1467
chr9	111119966	3.15297327053505	1468
chr9	112162947	2.57196269016579	1469
chr9	113240729	2.03181536342892	1470
chr9	114267497	1.3673409276482	1471
chr9	115299120	1.52906933660873	1472
chr9	116339247	2.26462730120144	1473
chr9	117371815	2.37439454775913	1474
chr9	118391936	3.18828288050357	1475
chr9	119429179	2.11992353746341	1476
chr9	120471064	3.99241461051266	1477
chr9	121510725	1.96996233582915	1478
chr9	122545528	2.31718949387262	1479
chr9	123593783	2.50605500280493	1480
chr9	124626625	2.86858892152198	1481
chr9	125673656	1.60738559939204	1482
chr9	126698578	3.41130810289385	1483
chr9	127732844	2.19919742316055	1484
chr9	128784643	1.44010838861626	1485
chr9	129826281	1.78682753166881	1486
chr9	130862442	1.94742148760813	1487
chr9	131902117	1.17551228964809	1488
chr9	132933111	1.48939739462512	1489
chr9	133981603	1.32013475344195	1490
chr9	135024830	1.83623509114543	1491
chr9	136056408	2.23581375785903	1492
chr9	137089241	0.713644395986169	1493
chr9	138394717	3.08353203716515	1494
chr10	1137237	1.90651708995556	1495
chr10	2205576	2.17000263985269	1496
chr10	3248789	1.69677842920188	1497
chr10	4284390	1.94607285680399	1498
chr10	5385700	1.48428448118391	1499
chr10	6438814	2.91709883572458	1500
chr10	7514794	3.90067735014417	1501
chr10	8555309	1.45195441428632	1502
chr10	9603936	2.72199172299787	1503
chr10	10659171	3.24273443417022	1504
chr10	11699289	1.59364608382723	1505
chr10	12769671	1.54403892740479	1506
chr10	13827784	2.38247940089916	1507
chr10	14869665	1.86896635279321	1508
chr10	15943857	2.33953191458609	1509
chr10	16991027	2.72732840135403	1510
chr10	18051061	2.32421585663683	1511
chr10	19113491	2.21355201205161	1512
chr10	20167617	1.86197651374091	1513
chr10	21243825	2.61677241535312	1514
chr10	22311895	1.75089643834955	1515
chr10	23370817	1.10179484762806	1516
chr10	24438863	2.98485823088156	1517
chr10	25502668	2.7774784768436	1518
chr10	26569316	3.18720583393439	1519
chr10	27655963	2.30018657171862	1520
chr10	28711079	1.99399315188335	1521
chr10	29774813	1.9591472743774	1522
chr10	30833977	1.7812775989875	1523
chr10	31915523	2.07997540291468	1524
chr10	33015849	2.38044972867599	1525
chr10	34061731	3.26590009502445	1526
chr10	35105676	2.32698912416418	1527
chr10	36171431	2.84743308801976	1528
chr10	37288655	1.98623660131357	1529
chr10	38578384	2.40627429380504	1530
chr10	43297913	5.60193994230829	1531
chr10	44364189	1.81406126847865	1532
chr10	45439402	2.19965164032361	1533
chr10	47348023	6.39114987710605	1534
chr10	49046870	2.97435651299444	1535
chr10	50337553	2.85658979616205	1536
chr10	51452409	2.56520933594193	1537
chr10	52504071	1.27328768295252	1538
chr10	53550643	1.84955515423679	1539
chr10	54604781	2.02060223113637	1540
chr10	55644264	2.2027094744568	1541
chr10	56702160	2.07552106575171	1542
chr10	57741103	3.14595399221874	1543
chr10	58794859	2.34453809986157	1544
chr10	59850135	2.25984621154735	1545
chr10	60877566	1.6069063559955	1546
chr10	61907195	1.21560848194698	1547
chr10	62948514	1.9374706886181	1548
chr10	63996663	2.25095030379255	1549
chr10	65042482	2.1710732316236	1550
chr10	66082033	2.06499246581117	1551
chr10	67121834	1.75554960321451	1552
chr10	68205749	2.78203752982061	1553
chr10	69255869	2.68129027839868	1554
chr10	70285832	1.67901451254294	1555
chr10	71318896	2.2213200481754	1556
chr10	72351407	1.8459690349474	1557
chr10	73411669	2.27248846290185	1558
chr10	74497739	2.01049474209838	1559
chr10	75538662	1.30227501626482	1560
chr10	76577181	3.41378024144284	1561
chr10	77619724	2.48669944052939	1562
chr10	78656732	2.50557282235619	1563
chr10	79909551	1.86906340384111	1564
chr10	81014139	2.63590930890502	1565
chr10	82061293	3.59970419974727	1566
chr10	83089689	1.9468170766884	1567
chr10	84139251	2.44419614343828	1568
chr10	85204184	2.91670243952226	1569
chr10	86252715	2.27743855712668	1570
chr10	87626851	2.18493229326192	1571
chr10	88660772	1.63373876326505	1572
chr10	89693729	1.37151558519629	1573
chr10	90753608	3.01632019807616	1574
chr10	91829931	2.64112945213238	1575
chr10	92879359	1.66372891560508	1576
chr10	93916779	2.1512481312486	1577
chr10	95004376	2.27327703720531	1578
chr10	96069143	2.91199095442564	1579
chr10	97104136	2.30820521647579	1580
chr10	98146999	2.34237016197754	1581
chr10	99227055	3.47689566218001	1582
chr10	100290356	2.08713908373552	1583
chr10	101332962	2.68635402204411	1584
chr10	102376430	1.63445850451167	1585
chr10	103429174	1.34440791407308	1586
chr10	104453473	1.73418751896021	1587
chr10	105500988	2.38881036630545	1588
chr10	106547889	4.0606307087452	1589
chr10	107583909	2.14897616113962	1590
chr10	108624816	3.06068051910239	1591
chr10	109693655	3.13845703744373	1592
chr10	110738939	2.19105130011631	1593
chr10	111780081	2.34889432628455	1594
chr10	112833022	2.28532908956452	1595
chr10	113858218	3.75800570738992	1596
chr10	114884977	1.87229231321035	1597
chr10	115939709	2.36251245463616	1598
chr10	116971529	1.50633914010486	1599
chr10	118004932	2.2193899650299	1600
chr10	119038161	2.66939204819399	1601
chr10	120081268	2.51103116970806	1602
chr10	121134446	2.05574416568096	1603
chr10	122166917	2.17629060730635	1604
chr10	123230123	1.89268090293031	1605
chr10	124250829	3.19997879578112	1606
chr10	125285658	2.50279542646164	1607
chr10	126332371	1.57118950359295	1608
chr10	127374060	2.70855280200193	1609
chr10	128404892	1.95651643157573	1610
chr10	129422262	2.29487265412696	1611
chr10	130458779	1.93423428914365	1612
chr10	131489591	2.83461326020726	1613
chr10	132544101	1.84050691493292	1614
chr10	133797422	2.69255524137224	1615
chr11	1275815	2.18824643254748	1616
chr11	2336953	9.04261500268641	1617
chr11	3535889	1.64427474302477	1618
chr11	4757417	2.46900591241129	1619
chr11	5836573	2.3688643081941	1620
chr11	6903359	2.02394846918128	1621
chr11	7994324	2.76055792292638	1622
chr11	9053804	1.97481940293374	1623
chr11	10116824	2.09771340215976	1624
chr11	11169566	2.32790058709761	1625
chr11	12208479	2.5802200055948	1626
chr11	13245452	1.82502313322587	1627
chr11	14327180	3.41293339263974	1628
chr11	15410622	3.40868832398037	1629
chr11	16438177	2.63644809839256	1630
chr11	17511786	1.96125311554775	1631
chr11	18562625	1.72873917127714	1632
chr11	19629820	1.99852319209276	1633
chr11	20670081	2.28868453350851	1634
chr11	21724329	1.65035263317026	1635
chr11	22787977	3.34034903022173	1636
chr11	23855759	2.29270057285822	1637
chr11	24911918	2.11405858424751	1638
chr11	25995566	3.1176467075067	1639
chr11	27050811	2.03926823621202	1640
chr11	28112588	3.11688481749082	1641
chr11	29178690	3.38325367413617	1642
chr11	30246153	2.23495333534527	1643
chr11	31282093	1.62750375958193	1644
chr11	32342014	1.3955861981625	1645
chr11	33409651	1.30432758031049	1646
chr11	34456296	1.88182432061461	1647
chr11	35503579	2.73870089201605	1648
chr11	36561499	3.0042930685389	1649
chr11	37614857	2.91661207673285	1650
chr11	38659214	2.38334319947633	1651
chr11	39722027	2.20591369612959	1652
chr11	40790492	1.89714472339134	1653
chr11	41838575	2.784208219399	1654
chr11	42902502	3.65216666122238	1655
chr11	43976215	1.74082224468218	1656
chr11	45009074	3.03480016737297	1657
chr11	46051437	1.49361002239326	1658
chr11	47108295	1.50481198713659	1659
chr11	48165165	2.39986181201829	1660
chr11	49549339	2.57753035539999	1661
chr11	55634254	5.29954717751485	1662
chr11	56715482	2.31611874641329	1663
chr11	57763948	2.37738236560424	1664
chr11	58832777	2.60739832652596	1665
chr11	59900251	2.2194194424141	1666
chr11	60968508	0.761811744799851	1667
chr11	62050144	1.79728085195888	1668
chr11	63131984	1.26677868956988	1669
chr11	64220920	1.37663544273527	1670
chr11	65256546	2.59902292576583	1671
chr11	66299820	1.77424119648384	1672
chr11	67352103	1.84431486771103	1673
chr11	68541103	1.32689771987087	1674
chr11	69573305	1.33012762044766	1675
chr11	70602532	1.46462079638972	1676
chr11	71899483	1.95433800084886	1677
chr11	72940160	1.57924897288411	1678
chr11	73984747	1.92319468914353	1679
chr11	75045684	2.80590476274029	1680
chr11	76087928	2.47788691570693	1681
chr11	77131922	1.5335809118543	1682
chr11	78205979	2.43842463319379	1683
chr11	79235660	1.49079969149458	1684
chr11	80261421	1.69639810408674	1685
chr11	81289201	1.62325525760705	1686
chr11	82333411	1.74420761504728	1687
chr11	83371693	1.61237314741715	1688
chr11	84422985	2.14342504946569	1689
chr11	85464655	1.20293470447753	1690
chr11	86508499	1.01973005686699	1691
chr11	87585130	1.99439395648903	1692
chr11	88672780	1.75058377898455	1693
chr11	90262603	2.03468317251693	1694
chr11	91324186	1.78338956535317	1695
chr11	92366310	2.36461447748472	1696
chr11	93409902	2.27313796992003	1697
chr11	94497266	1.3303792546263	1698
chr11	95540375	1.32444809885657	1699
chr11	96584102	1.19977704044058	1700
chr11	97635661	1.0559220689085	1701
chr11	98678068	1.10642992310544	1702
chr11	99716722	1.59027690486257	1703
chr11	100781169	0.739124660177496	1704
chr11	101831166	1.13166154755373	1705
chr11	102883020	1.68214728390817	1706
chr11	103930664	0.772738678966536	1707
chr11	104959684	0.685547651901184	1708
chr11	105991820	1.06145860818377	1709
chr11	107028141	2.40317405972136	1710
chr11	108075323	1.62085395726987	1711
chr11	109133358	1.83634491345205	1712
chr11	110184081	1.22373520664269	1713
chr11	111230328	1.60534492961942	1714
chr11	112264795	1.75047965332896	1715
chr11	113294430	1.60313525592804	1716
chr11	114325619	2.03904623269909	1717
chr11	115366785	1.41100915539364	1718
chr11	116392764	1.5896027077282	1719
chr11	117439136	2.82297681810023	1720
chr11	118464834	2.62371232914927	1721
chr11	119513266	2.61744569659737	1722
chr11	120531534	1.48955497069906	1723
chr11	121559104	1.67403592119378	1724
chr11	122605989	2.76795844221795	1725
chr11	123639589	2.26926854645658	1726
chr11	124685275	2.94087183986317	1727
chr11	125725737	1.92815911131158	1728
chr11	126763347	1.40914989385154	1729
chr11	127794610	1.17548762093382	1730
chr11	128823949	1.55767137071268	1731
chr11	129879880	0.924576607808311	1732
chr11	130918152	1.68594853485711	1733
chr11	131955067	2.03135803004721	1734
chr11	132984137	1.91593052084392	1735
chr11	134019389	1.57081426174031	1736
chr11	135086622	1.72208855936547	1737
chr12	1134125	2.82664799110873	1738
chr12	2193806	1.96221033394959	1739
chr12	3250505	2.63059563637527	1740
chr12	4313970	2.00280221790832	1741
chr12	5378685	2.63519610873604	1742
chr12	6447937	2.19009849801749	1743
chr12	7525892	2.83879757741905	1744
chr12	8773968	2.05154824204288	1745
chr12	10002502	3.43834349640662	1746
chr12	11090987	2.12732711516024	1747
chr12	12201174	1.45255298371326	1748
chr12	13265562	1.62272726065039	1749
chr12	14324152	2.42637331886645	1750
chr12	15378023	1.6855962105875	1751
chr12	16429450	1.94599655276683	1752
chr12	17488608	0.851163636842534	1753
chr12	18572814	1.63773514431866	1754
chr12	19630202	1.75119832812075	1755
chr12	20689286	2.20007903370851	1756
chr12	21783838	1.11430645977452	1757
chr12	22865243	1.32584196900917	1758
chr12	23930493	1.59354951794613	1759
chr12	24973203	1.24859148762001	1760
chr12	26041623	1.65084075870993	1761
chr12	27105780	0.991313814456064	1762
chr12	28179046	1.71509033375211	1763
chr12	29243963	1.11760616545705	1764
chr12	30329119	0.960122820804665	1765
chr12	31490403	1.26240147366812	1766
chr12	32571786	1.57908366440524	1767
chr12	33656392	1.55353466804722	1768
chr12	38412667	4.01073148239681	1769
chr12	39482220	1.51605919275423	1770
chr12	40544977	1.84636973019808	1771
chr12	41584940	1.14319407296245	1772
chr12	42663358	2.12906478953196	1773
chr12	43714228	1.17669024018359	1774
chr12	44774112	1.49213949973247	1775
chr12	45827511	1.44429451622653	1776
chr12	46888527	0.902661928423359	1777
chr12	47944001	1.30523925939357	1778
chr12	49017952	1.79934813230545	1779
chr12	50070307	1.58156460563139	1780
chr12	51131004	1.9327564821502	1781
chr12	52190910	1.29135066883009	1782
chr12	53239831	1.44303650434913	1783
chr12	54310899	1.05929370550146	1784
chr12	55405377	1.50418441836291	1785
chr12	56495668	1.40677177171422	1786
chr12	57565178	1.45400827563154	1787
chr12	58635966	1.30942493594599	1788
chr12	59690014	1.78845898534867	1789
chr12	60732677	1.30932111521909	1790
chr12	61817526	2.84316771733245	1791
chr12	62857376	1.42273394846267	1792
chr12	64020423	1.93868127846698	1793
chr12	65079287	1.5739170320265	1794
chr12	66123076	1.63981480356407	1795
chr12	67167361	2.08116532835184	1796
chr12	68219333	1.96131675656752	1797
chr12	69264163	1.38197357471262	1798
chr12	70335793	2.73991187711944	1799
chr12	71387634	1.99136173880145	1800
chr12	72420618	1.55570659665065	1801
chr12	73497340	1.99565385182737	1802
chr12	74551490	1.33744966335384	1803
chr12	75593936	1.50465313292575	1804
chr12	76635890	1.41910085531081	1805
chr12	77686537	1.6240413681481	1806
chr12	78728958	1.48814305682582	1807
chr12	79775374	0.762401995332316	1808
chr12	80848960	1.69934256021175	1809
chr12	81889643	2.59523557098223	1810
chr12	82940257	1.40877909345991	1811
chr12	84003363	1.14599698826881	1812
chr12	85039868	1.92127117648964	1813
chr12	86081242	1.21097378996172	1814
chr12	87150370	1.94917784166731	1815
chr12	88217005	1.79682381505068	1816
chr12	89267331	2.17069150128194	1817
chr12	90301623	1.85771167814438	1818
chr12	91340056	1.5715581842146	1819
chr12	92375599	0.942561418135668	1820
chr12	93426001	1.81376317443819	1821
chr12	94467535	2.33400089036732	1822
chr12	95511989	2.10371041199372	1823
chr12	96574438	1.60176513583011	1824
chr12	97622162	1.85553252802602	1825
chr12	98685544	1.88963210169336	1826
chr12	99724967	2.20692436047698	1827
chr12	100771697	1.92887946227893	1828
chr12	101828617	2.38672695845061	1829
chr12	102881145	1.77207876466948	1830
chr12	103929617	1.55723726434854	1831
chr12	104984863	0.996823538009621	1832
chr12	106040901	1.03664150564716	1833
chr12	107087534	1.1878934549628	1834
chr12	108127417	0.918036910314759	1835
chr12	109161613	0.854613090106496	1836
chr12	110195982	0.722549698289339	1837
chr12	111241645	0.708709295102111	1838
chr12	112301769	1.17545075037867	1839
chr12	113342309	1.10886770681626	1840
chr12	114368748	0.693786830240497	1841
chr12	115403869	0.959818795537208	1842
chr12	116426210	0.828080400074091	1843
chr12	117460199	1.02483974909918	1844
chr12	118503888	1.82705319638625	1845
chr12	119547285	2.29908283420848	1846
chr12	120597863	1.52248122654802	1847
chr12	121650943	0.910965901160168	1848
chr12	122725532	1.23914749072775	1849
chr12	123781883	1.53249419449534	1850
chr12	124811352	1.15933038938888	1851
chr12	125852532	1.17652179543401	1852
chr12	126889854	1.275051726109	1853
chr12	127928266	1.67160808756112	1854
chr12	128965269	1.12254404307027	1855
chr12	130022985	1.87907105365407	1856
chr12	131059774	1.07259046460355	1857
chr12	132182457	1.24057795781862	1858
chr12	133275309	1.13250232728934	1859
chr13	19670926	3.78793547714724	1860
chr13	20721521	1.23090705768587	1861
chr13	21784862	1.89920907006631	1862
chr13	22839049	1.17980104039497	1863
chr13	23904385	1.01583151541027	1864
chr13	25021179	1.26037003865041	1865
chr13	26063716	2.53206772331435	1866
chr13	27100247	1.14827724686085	1867
chr13	28134980	1.09895214862688	1868
chr13	29175805	1.29810629991959	1869
chr13	30224564	0.779128656032225	1870
chr13	31266749	1.23321001463656	1871
chr13	32318409	0.492199962826017	1872
chr13	33351152	1.24457940399761	1873
chr13	34391607	1.06435357141558	1874
chr13	35447057	1.35466933138996	1875
chr13	36484295	1.24162644399515	1876
chr13	37527792	1.27125752180811	1877
chr13	38578797	1.65417488561364	1878
chr13	39612203	0.96470138886799	1879
chr13	40651684	0.900029528765059	1880
chr13	41741802	1.64966383064235	1881
chr13	42797646	1.16622117354666	1882
chr13	43841809	1.58307818108006	1883
chr13	44881397	1.49612360719986	1884
chr13	45936513	1.10374665225339	1885
chr13	47003340	1.28355522967988	1886
chr13	48075750	1.40191383242092	1887
chr13	49126943	1.53775429949216	1888
chr13	50188292	0.686755792366103	1889
chr13	51240149	1.88281400971253	1890
chr13	52406211	1.43448986566816	1891
chr13	53540386	0.969107086211515	1892
chr13	54581162	2.35649584971188	1893
chr13	55622933	1.14751486479861	1894
chr13	56664031	1.40574131900859	1895
chr13	57737134	0.730044069875011	1896
chr13	58779702	1.22283458346727	1897
chr13	59813520	0.887196966891441	1898
chr13	60869847	1.28942596810642	1899
chr13	61910404	1.32710490100392	1900
chr13	62932243	0.869643972572888	1901
chr13	64040640	1.86150782081357	1902
chr13	65070356	1.42338117907008	1903
chr13	66106206	0.833802863591039	1904
chr13	67150670	0.930834346614526	1905
chr13	68195655	0.947658465603867	1906
chr13	69222052	1.53573207284516	1907
chr13	70266259	1.01902650088465	1908
chr13	71289213	1.11569614011287	1909
chr13	72326911	1.41381804665026	1910
chr13	73363460	2.11748962051272	1911
chr13	74401002	2.92068495160361	1912
chr13	75454002	3.24255494972446	1913
chr13	76495716	1.73592042226873	1914
chr13	77539778	1.63328164440631	1915
chr13	78591156	2.74854260284622	1916
chr13	79634828	2.26286889015993	1917
chr13	80693341	3.0266689043673	1918
chr13	81741579	3.29150004332494	1919
chr13	82790159	4.24140397226765	1920
chr13	83818760	2.37833128941262	1921
chr13	84852282	2.00298608791298	1922
chr13	85887977	2.19042012061202	1923
chr13	87001204	1.05536797183824	1924
chr13	88041628	1.03233082160099	1925
chr13	89076525	1.53095078028069	1926
chr13	90103408	1.26322733496807	1927
chr13	91144435	1.53549263646921	1928
chr13	92182406	2.09962831193378	1929
chr13	93237238	3.79770190122911	1930
chr13	94275045	3.11138467442977	1931
chr13	95316806	3.130003451491	1932
chr13	96372781	2.27605960320587	1933
chr13	97407846	3.20807765971143	1934
chr13	98464476	2.16514353295999	1935
chr13	99504093	1.46322025556475	1936
chr13	100549681	1.85897000911343	1937
chr13	101601899	2.30661716870117	1938
chr13	102636220	1.77847406993913	1939
chr13	103664980	2.67151527494152	1940
chr13	104697650	1.98962117106458	1941
chr13	105731481	1.8240035669976	1942
chr13	106765108	3.14179512540956	1943
chr13	107805958	2.98030225094274	1944
chr13	108848817	3.23431741230112	1945
chr13	109889702	3.05272317846482	1946
chr13	110929869	2.73154483765562	1947
chr13	112139885	3.51061848894915	1948
chr13	113222495	1.55760740436015	1949
chr13	114364328	1.16388066030977	1950
chr14	20702172	2.4771623136285	1951
chr14	21774311	0.999732664481935	1952
chr14	22829886	0.877355537307035	1953
chr14	23876490	1.00101486461015	1954
chr14	24983094	1.16188995278954	1955
chr14	26045064	1.27885713626383	1956
chr14	27092570	0.662652518796319	1957
chr14	28173533	1.32891041620555	1958
chr14	29223046	1.77900281115221	1959
chr14	30264755	1.89120205505946	1960
chr14	31319855	0.821329020456699	1961
chr14	32383006	1.66149219810571	1962
chr14	33418565	1.36627199811162	1963
chr14	34463607	1.59929661172085	1964
chr14	35537929	1.08245957811768	1965
chr14	36597163	1.60808277479735	1966
chr14	37649522	0.917589545551556	1967
chr14	38703329	1.84685610770161	1968
chr14	39789132	2.1390812236832	1969
chr14	40844101	1.13868309785848	1970
chr14	41897024	1.24070122909124	1971
chr14	42940101	1.11261409324679	1972
chr14	44009481	2.04128526650014	1973
chr14	45079655	1.60386930713836	1974
chr14	46155508	0.954837206873994	1975
chr14	47215572	0.67593173545566	1976
chr14	48259326	0.958350933726926	1977
chr14	49325903	1.31578651712241	1978
chr14	50376380	0.916565709783238	1979
chr14	51420067	1.04614617160436	1980
chr14	52475042	1.03367467930816	1981
chr14	53531424	0.877879532014723	1982
chr14	54575206	1.46831631563787	1983
chr14	55617403	1.34825175099109	1984
chr14	56675456	1.36397427750267	1985
chr14	57732822	1.02829884792113	1986
chr14	58778427	1.00044311264391	1987
chr14	59819679	1.43391861074526	1988
chr14	60878334	0.966119881830858	1989
chr14	61927753	2.54108902500066	1990
chr14	62981646	1.03912265980403	1991
chr14	64030654	1.44246956804179	1992
chr14	65069375	1.38578578049858	1993
chr14	66116307	1.41556382038115	1994
chr14	67174361	0.867742706529585	1995
chr14	68218750	0.915275550808431	1996
chr14	69245732	0.8096061898016	1997
chr14	70277502	1.38133610211293	1998
chr14	71346029	0.823810114486492	1999
chr14	72392479	1.40542315149567	2000
chr14	73434907	1.2322113475715	2001
chr14	74502537	1.05935877498166	2002
chr14	75537946	1.22112665147958	2003
chr14	76562955	0.889469510267211	2004
chr14	77605617	1.20859339546698	2005
chr14	78635953	0.863232409582685	2006
chr14	79671226	1.12929907240483	2007
chr14	80723493	1.57672060857265	2008
chr14	81765516	1.31562815601144	2009
chr14	82798825	1.56395995331174	2010
chr14	83825206	1.12183798510095	2011
chr14	84848323	0.389451070471124	2012
chr14	85878675	1.87839138716078	2013
chr14	86946416	1.1563336060352	2014
chr14	87984328	0.68312340297977	2015
chr14	89024913	0.545190139687842	2016
chr14	90057627	1.02934560687988	2017
chr14	91097455	0.69727533830481	2018
chr14	92145572	0.571815157951394	2019
chr14	93189027	0.501104162700305	2020
chr14	94220684	1.78894332536846	2021
chr14	95247490	0.894072736169877	2022
chr14	96271340	1.68626791893483	2023
chr14	97298903	1.29283918942203	2024
chr14	98320079	0.955941446810953	2025
chr14	99343810	0.900818709235174	2026
chr14	100370807	0.868140230218025	2027
chr14	101399285	0.720151894687295	2028
chr14	102443697	1.37162074789478	2029
chr14	103489175	1.19680086222208	2030
chr14	104529448	0.760652196966909	2031
chr14	105623552	1.31361526936977	2032
chr14	107043718	0.885637390721904	2033
chr15	23450576	9.04189797235574	2034
chr15	24666156	2.48228468895769	2035
chr15	25708512	1.58264571387955	2036
chr15	26738496	1.83158008899548	2037
chr15	27768744	2.26842935630933	2038
chr15	29319099	2.49740231569086	2039
chr15	30980309	2.17059134657871	2040
chr15	32086017	1.94159972857814	2041
chr15	33566237	2.65611163512316	2042
chr15	34716421	3.01780743657244	2043
chr15	35765508	2.18732737738191	2044
chr15	36806362	3.21136998462998	2045
chr15	37867366	2.44220483930409	2046
chr15	38917256	2.03879876242101	2047
chr15	39955226	2.67883409027278	2048
chr15	41004465	1.8834269499912	2049
chr15	42053271	2.09522330676561	2050
chr15	43104154	2.77809156053424	2051
chr15	44295222	1.95187006816117	2052
chr15	45441524	2.80401200928662	2053
chr15	46494069	2.14513035272294	2054
chr15	47554821	3.05855490470766	2055
chr15	48575699	2.09232009164766	2056
chr15	49632065	1.37130240969348	2057
chr15	50683045	2.91828766556548	2058
chr15	51747811	1.79672863371799	2059
chr15	52794244	1.85145435244511	2060
chr15	53851571	2.53362249809942	2061
chr15	54900342	1.90904294846579	2062
chr15	55971392	2.53304552156944	2063
chr15	57039929	1.69074577209104	2064
chr15	58066951	1.8664505288485	2065
chr15	59104624	1.46286633848795	2066
chr15	60144066	2.13069309455102	2067
chr15	61176157	1.8467745014334	2068
chr15	62220484	2.02328127542594	2069
chr15	63254238	2.73601502238881	2070
chr15	64293587	1.95687250625476	2071
chr15	65352887	2.38742566570881	2072
chr15	66391186	0.931729442076018	2073
chr15	67426898	1.30167548902598	2074
chr15	68466852	2.61650170901182	2075
chr15	69500189	2.64975656348866	2076
chr15	70528925	2.93368983338198	2077
chr15	71591801	2.50959791505607	2078
chr15	72685322	2.78525043349075	2079
chr15	73731540	1.89447192722041	2080
chr15	74812036	1.94253388277812	2081
chr15	75944477	1.58363887345105	2082
chr15	77003764	1.9195255067546	2083
chr15	78085183	1.83586367204702	2084
chr15	79155428	2.24768583181383	2085
chr15	80208466	2.90530904374326	2086
chr15	81238900	2.8786632804606	2087
chr15	82385488	2.42585429298382	2088
chr15	83559617	2.7321802010491	2089
chr15	84997035	3.08991399924647	2090
chr15	86129936	2.39543993725929	2091
chr15	87179687	2.38580425934842	2092
chr15	88239364	2.44651200760765	2093
chr15	89293569	1.76748673055167	2094
chr15	90345864	1.91613836527786	2095
chr15	91396523	1.36966496685628	2096
chr15	92435398	3.10727109267816	2097
chr15	93490865	3.16044368419279	2098
chr15	94538700	2.66973591684872	2099
chr15	95564255	2.82792543534965	2100
chr15	96585747	2.82160990758376	2101
chr15	97645656	2.5810298350415	2102
chr15	98682050	3.01239284076306	2103
chr15	99719565	2.17890184786397	2104
chr15	100807520	2.58462553047211	2105
chr15	101991189	2.12231328798007	2106
chr16	1101043	2.12541080860203	2107
chr16	2198674	1.5657564826462	2108
chr16	3366822	1.65896975105602	2109
chr16	4417067	2.07593861175536	2110
chr16	5507092	2.1937860558448	2111
chr16	6541511	1.50718974098407	2112
chr16	7570281	3.29444740174072	2113
chr16	8611985	2.35042448022993	2114
chr16	9671497	2.22701378050558	2115
chr16	10726282	2.31005263754754	2116
chr16	11768046	1.86827961102062	2117
chr16	12840218	1.95084717955163	2118
chr16	13883903	1.54843896109723	2119
chr16	15501146	3.2552917102774	2120
chr16	17053761	4.2244118881976	2121
chr16	18231728	3.71993043762365	2122
chr16	19840438	3.97696031301581	2123
chr16	20984798	1.8379544650909	2124
chr16	22399144	5.08781933678675	2125
chr16	23620517	4.04305917872776	2126
chr16	24662373	2.85766909743839	2127
chr16	25711239	3.62401053387674	2128
chr16	26753662	2.21679785131782	2129
chr16	27790546	2.8756252696446	2130
chr16	29298468	3.13699164376211	2131
chr16	30769728	3.16827585895269	2132
chr16	31869385	3.5378549361447	2133
chr16	35140281	4.1125658536076	2134
chr16	47498785	6.14299331085357	2135
chr16	48568280	2.13721104868594	2136
chr16	49616602	1.59519441351527	2137
chr16	50650502	2.09956290131546	2138
chr16	51689569	2.75668715907481	2139
chr16	52727074	3.04010629892914	2140
chr16	53779602	2.13237519065603	2141
chr16	54815584	1.93907284764957	2142
chr16	55881973	2.32307727811482	2143
chr16	56926830	1.96639691304679	2144
chr16	57964139	1.7049564049354	2145
chr16	59025135	2.01422846010806	2146
chr16	60101443	1.6452983741812	2147
chr16	61159557	1.05060587180068	2148
chr16	62203637	2.56621259447414	2149
chr16	63252740	2.85689843541874	2150
chr16	64292368	1.74885854558907	2151
chr16	65329184	2.11271167136408	2152
chr16	66369908	1.75184360862773	2153
chr16	67421400	1.58447792212002	2154
chr16	68470877	1.83117691423039	2155
chr16	69533715	1.69401559079055	2156
chr16	70785705	1.9659643960347	2157
chr16	72159114	3.94741753932193	2158
chr16	73211360	1.87707292681109	2159
chr16	74246348	0.892647171901287	2160
chr16	75389437	0.662602225008819	2161
chr16	76457406	0.805741546722522	2162
chr16	77493225	1.39857620673566	2163
chr16	78525355	1.15092351916981	2164
chr16	79550582	0.886232953030766	2165
chr16	80586886	1.24760600149882	2166
chr16	81629639	1.06809329125133	2167
chr16	82672600	0.956052406782901	2168
chr16	83702703	1.11327505805903	2169
chr16	84738806	0.507912634723357	2170
chr16	85778913	1.14287938896904	2171
chr16	86827135	0.866944585272261	2172
chr16	87875273	1.49159438721598	2173
chr16	89022390	0.531231905536356	2174
chr16	90338345	1.37239284836235	2175
chr17	1286281	1.4109034011255	2176
chr17	2346562	3.50017684703451	2177
chr17	3489974	2.72349480227533	2178
chr17	4544424	2.09257110203902	2179
chr17	5615973	2.11896997191264	2180
chr17	6652593	1.8177220897208	2181
chr17	7718556	3.27514313563877	2182
chr17	8760669	1.89107725542389	2183
chr17	9810462	2.31117947246278	2184
chr17	10852389	2.24891680556533	2185
chr17	11893122	2.29395174927846	2186
chr17	12938400	2.91401567699671	2187
chr17	13970792	2.51115569869775	2188
chr17	15031796	2.21270608532235	2189
chr17	16287345	3.36352053958024	2190
chr17	17491513	1.75986475863512	2191
chr17	18881784	1.82832105939707	2192
chr17	20138572	2.40996107191827	2193
chr17	21565721	2.69444137753979	2194
chr17	26800156	3.28314343359569	2195
chr17	27971158	2.5004387807016	2196
chr17	29016484	2.71580988535604	2197
chr17	30070814	1.83116941123905	2198
chr17	31224275	1.40666859376085	2199
chr17	32348071	2.53315979990342	2200
chr17	33398499	2.1638895837022	2201
chr17	34445569	2.21725148737922	2202
chr17	35488181	1.35462167565668	2203
chr17	36785357	2.47564370244693	2204
chr17	37819610	1.46263513936577	2205
chr17	39284903	2.75736328299777	2206
chr17	40331026	2.16802430946387	2207
chr17	41390654	2.56638468189885	2208
chr17	42443919	2.14721733953274	2209
chr17	43578271	1.64294086083743	2210
chr17	44631966	1.95921191190702	2211
chr17	45804382	1.24102842614441	2212
chr17	47311953	1.41164179299906	2213
chr17	48433478	1.61531950804051	2214
chr17	49477385	1.37704710591845	2215
chr17	50509671	3.00415736274536	2216
chr17	51549083	2.0997632554394	2217
chr17	52584837	2.30479696757486	2218
chr17	53615473	1.70637082063933	2219
chr17	54662067	2.0232661756393	2220
chr17	55702626	2.47670122240328	2221
chr17	56747435	2.181514883835	2222
chr17	57773005	2.0368452772479	2223
chr17	58814892	1.95911263218168	2224
chr17	59892306	1.4023615751157	2225
chr17	61049140	1.97478424014628	2226
chr17	62090884	1.77186487209781	2227
chr17	63243549	1.77059137094477	2228
chr17	64292198	2.19676108007944	2229
chr17	65452719	2.42552787686298	2230
chr17	66486456	2.09194381367492	2231
chr17	67528461	1.85345261609189	2232
chr17	68602129	3.08787194198976	2233
chr17	69652100	3.10590317286223	2234
chr17	70689121	1.48077298852171	2235
chr17	71718732	1.83707580175895	2236
chr17	72745690	3.577474109026	2237
chr17	73777336	2.44335041167288	2238
chr17	74807172	2.55317896494948	2239
chr17	75859930	2.18369490398844	2240
chr17	76915165	2.3207919996013	2241
chr17	77955007	1.91179092808591	2242
chr17	78992786	0.923179353663467	2243
chr17	80016025	2.36777205430944	2244
chr17	81059141	1.85000367246971	2245
chr17	82147422	1.92206054570628	2246
chr17	83257441	1.87463169682747	2247
chr18	1147678	2.54012143967377	2248
chr18	2191234	2.55715331258275	2249
chr18	3235907	1.29804725306164	2250
chr18	4268708	3.4179577483536	2251
chr18	5316109	2.54889707173194	2252
chr18	6351428	2.35252163840122	2253
chr18	7390729	2.8018352018538	2254
chr18	8432749	2.37032560237641	2255
chr18	9480714	2.23461933928385	2256
chr18	10510195	2.33504898480798	2257
chr18	11583017	1.9424102858909	2258
chr18	12717012	1.87729859110247	2259
chr18	13762216	1.49913576688596	2260
chr18	20988922	4.18286428978885	2261
chr18	22033709	2.42439519524519	2262
chr18	23086137	2.42377240560541	2263
chr18	24122677	2.03093295351527	2264
chr18	25160351	3.65957130464084	2265
chr18	26192166	2.26614696990625	2266
chr18	27234276	4.40819103652538	2267
chr18	28280477	2.12339427486312	2268
chr18	29318025	2.73080659882357	2269
chr18	30346290	2.80876078890921	2270
chr18	31372414	2.3014725676143	2271
chr18	32419838	1.94220278077431	2272
chr18	33454265	2.51317479649815	2273
chr18	34496114	2.44579318219284	2274
chr18	35545797	3.48178151400973	2275
chr18	36598981	2.80870348335415	2276
chr18	37637209	1.73253055526106	2277
chr18	38670287	3.85808019710861	2278
chr18	39698409	3.98764450323153	2279
chr18	40732916	1.95108475213474	2280
chr18	41757020	2.45344054796814	2281
chr18	42798249	2.77204722996872	2282
chr18	43831354	2.08526151712359	2283
chr18	44872031	2.96252857789993	2284
chr18	45914884	1.77003698701348	2285
chr18	46950940	2.39292308480315	2286
chr18	48056854	2.89184795715785	2287
chr18	49085403	1.50285249958506	2288
chr18	50143645	2.40106186098041	2289
chr18	51188043	2.50234310956911	2290
chr18	52225981	2.58642733841573	2291
chr18	53253457	3.19144550807314	2292
chr18	54298581	3.07302764222981	2293
chr18	55340815	3.54415994985393	2294
chr18	56376859	2.51943720908422	2295
chr18	57419065	1.74496668351925	2296
chr18	58455467	2.59872539445908	2297
chr18	59499435	2.29032659021404	2298
chr18	60545788	2.19026741684344	2299
chr18	61585582	1.87510754794537	2300
chr18	62617405	2.95586381496212	2301
chr18	63658683	1.46430243838208	2302
chr18	64709465	1.83632024842514	2303
chr18	65736625	2.21184759476164	2304
chr18	66762268	2.51067723539867	2305
chr18	67792592	3.19534141356037	2306
chr18	68831416	3.45876956807821	2307
chr18	69863674	1.71998885835081	2308
chr18	70922055	2.72339672252991	2309
chr18	71956710	2.47012802737256	2310
chr18	72984987	2.11505490933032	2311
chr18	74023452	3.73462958595548	2312
chr18	75049126	2.30903036984633	2313
chr18	76071417	2.60185454551032	2314
chr18	77107973	2.17925319253818	2315
chr18	78147972	3.50000196854229	2316
chr18	79197493	2.18246170210829	2317
chr18	80373285	1.08779637296177	2318
chr19	1359245	1.95958235665085	2319
chr19	2439438	2.84355932371614	2320
chr19	3526031	3.65010249160939	2321
chr19	4611409	2.77507331487449	2322
chr19	5695410	3.8265437819594	2323
chr19	6774841	3.67634771233614	2324
chr19	7892310	5.53716810992187	2325
chr19	9052038	5.97205118294996	2326
chr19	10136547	2.3846762109949	2327
chr19	11217108	1.94302376977886	2328
chr19	12323963	2.8724787873661	2329
chr19	13415305	2.88177530463356	2330
chr19	14519644	1.86161279327477	2331
chr19	15605133	2.18128205638683	2332
chr19	16684045	1.96715242792452	2333
chr19	17763363	2.30274118572307	2334
chr19	18838882	2.38349203559872	2335
chr19	19913064	0.845575298334684	2336
chr19	21042495	2.40854463531077	2337
chr19	22156925	2.0555204089683	2338
chr19	23306786	3.32521723096952	2339
chr19	28321043	4.45092888723787	2340
chr19	29370849	2.52054490572972	2341
chr19	30414006	2.30610053997687	2342
chr19	31430525	2.30812576610234	2343
chr19	32451948	2.35840885897441	2344
chr19	33514340	2.73651114604986	2345
chr19	34550836	2.27296512428968	2346
chr19	35611231	3.00550751365494	2347
chr19	36721286	2.41203054252276	2348
chr19	37831830	3.6857372698798	2349
chr19	38901446	4.65786548962854	2350
chr19	39988385	1.99808358767033	2351
chr19	41086099	2.24535551173071	2352
chr19	42147903	3.19012050833552	2353
chr19	43452352	2.76235337393135	2354
chr19	44514483	2.58926789891418	2355
chr19	45568963	2.59281763809389	2356
chr19	46626496	2.45470363870725	2357
chr19	47686245	3.33973955119773	2358
chr19	48801934	3.62561325135741	2359
chr19	49880976	1.94450028557143	2360
chr19	50999827	3.56790903393749	2361
chr19	52048175	2.4971134548646	2362
chr19	53135028	4.45748883904262	2363
chr19	54239623	2.36134354864363	2364
chr19	55376213	2.15096643860358	2365
chr19	56456680	1.57507601887282	2366
chr19	57507810	3.85416605788762	2367
chr19	58617616	2.67025207089414	2368
chr20	1102773	1.83498290534274	2369
chr20	2147800	2.19224484430068	2370
chr20	3193858	3.19191576882038	2371
chr20	4248616	2.11056241442802	2372
chr20	5301134	2.8503525341911	2373
chr20	6359022	2.95682604213269	2374
chr20	7391591	2.95314096488689	2375
chr20	8423740	2.18556123830807	2376
chr20	9456771	3.18748584811445	2377
chr20	10491417	3.77459910269929	2378
chr20	11511453	2.70368675333929	2379
chr20	12564212	2.72649805082576	2380
chr20	13619068	1.69191114460574	2381
chr20	14660845	2.49972989478469	2382
chr20	15689652	1.89018753107697	2383
chr20	16715889	3.51509947769135	2384
chr20	17754163	2.10780012397479	2385
chr20	18808628	2.65940474500998	2386
chr20	19857149	1.9115290688352	2387
chr20	20881626	2.7121667595509	2388
chr20	21928601	2.90135257349948	2389
chr20	22976585	3.19860391090717	2390
chr20	24065602	4.01615816756656	2391
chr20	25103880	2.67817144968309	2392
chr20	28626712	4.26297108182913	2393
chr20	30664571	3.59545681265297	2394
chr20	32030058	2.972674249493	2395
chr20	33069725	1.7364821548605	2396
chr20	34113618	2.67291638935048	2397
chr20	35175480	2.16908096339979	2398
chr20	36222994	3.091239918548	2399
chr20	37278331	2.36545537492069	2400
chr20	38301232	5.1476419321334	2401
chr20	39334259	2.59113303231267	2402
chr20	40382300	2.56874156470585	2403
chr20	41418241	2.06452415351515	2404
chr20	42459917	2.18809574433705	2405
chr20	43500203	2.68104878571505	2406
chr20	44544228	1.94672940073315	2407
chr20	45574270	1.64471751789131	2408
chr20	46617690	2.37757232972963	2409
chr20	47653389	1.91749483193028	2410
chr20	48732814	2.45515245590333	2411
chr20	49772812	3.56402326546509	2412
chr20	50816386	2.19411333019132	2413
chr20	51845479	4.6010288804461	2414
chr20	52879178	2.18313378656839	2415
chr20	53934675	3.15029364370088	2416
chr20	54980061	2.31392584229586	2417
chr20	56033901	2.71745765650421	2418
chr20	57074461	2.32580413880905	2419
chr20	58093249	1.45737586961984	2420
chr20	59117487	2.20898961201923	2421
chr20	60147259	1.93614246497967	2422
chr20	61174210	1.86794507834638	2423
chr20	62211298	1.71797905097011	2424
chr20	63235932	2.64397993296858	2425
chr20	64444167	2.66975294124586	2426
chr21	13300320	10.5943785666987	2427
chr21	14838927	2.07265504945673	2428
chr21	15873685	2.77132116367788	2429
chr21	16925660	1.90126841398119	2430
chr21	18004651	1.6427832640045	2431
chr21	19042460	1.72499860773601	2432
chr21	20079315	2.13489135017588	2433
chr21	21103602	2.26563068245743	2434
chr21	22127800	2.48876696435764	2435
chr21	23164358	3.1033726195184	2436
chr21	24188248	1.75790444073035	2437
chr21	25216694	1.45985224738551	2438
chr21	26252150	1.53534111017905	2439
chr21	27279429	2.35423607120108	2440
chr21	28392027	2.69081892864165	2441
chr21	29432310	1.90314805892524	2442
chr21	30455736	2.05355606094821	2443
chr21	31485958	2.55070347209392	2444
chr21	32532624	1.88932848370522	2445
chr21	33569045	2.23864386276707	2446
chr21	34724673	2.92821493221847	2447
chr21	35752781	1.90074443762415	2448
chr21	36798010	2.6877927509828	2449
chr21	37838804	2.54540146768358	2450
chr21	38864507	2.91114531880419	2451
chr21	39896539	3.25941371473492	2452
chr21	40940606	3.05741111331777	2453
chr21	41975107	5.30945128812403	2454
chr21	43013903	2.27458267390053	2455
chr21	44595635	3.2491686947096	2456
chr21	45635142	2.39910652127671	2457
chr21	46709983	1.65270294997839	2458
chr22	16784637	8.81372677629739	2459
chr22	17888118	2.88219464624147	2460
chr22	19657213	2.80402216213022	2461
chr22	20774900	1.45614002203483	2462
chr22	22258082	1.9643133367792	2463
chr22	23389269	1.86567978969696	2464
chr22	24536924	1.46380231221486	2465
chr22	25686222	3.28496456219149	2466
chr22	26711665	1.92454856594614	2467
chr22	27730734	2.64155831953974	2468
chr22	28809318	2.71832881725766	2469
chr22	29864168	1.26343069817949	2470
chr22	30898565	1.39220760355234	2471
chr22	31954280	2.16875827844183	2472
chr22	33013124	2.3426746575992	2473
chr22	34044242	2.52552211451353	2474
chr22	35096403	1.80525618262556	2475
chr22	36139363	2.05607688476031	2476
chr22	37174219	3.39469350993103	2477
chr22	38212940	1.7650634353245	2478
chr22	39297115	1.39394952737344	2479
chr22	40331232	1.28259838650172	2480
chr22	41385757	2.38163423975933	2481
chr22	42443055	2.3577007970107	2482
chr22	43515832	2.63805954131601	2483
chr22	44546962	3.39141319861191	2484
chr22	45585353	1.27289724540117	2485
chr22	46614184	1.98863975235261	2486
chr22	47646961	1.92116869874845	2487
chr22	48668995	6.33409545817415	2488
chr22	49704316	2.49359426761331	2489
chr22	50818468	6.17133325162457	2490
chrX	1406046	0.91786559450264	2491
chrX	2705738	1.08053885824291	2492
chrX	3813380	1.13926458004131	2493
chrX	4980705	0.580105307076387	2494
chrX	6032954	1.04554137313496	2495
chrX	7109916	1.15834725042072	2496
chrX	8177518	0.492560855083622	2497
chrX	9253799	1.34040223324068	2498
chrX	10310016	1.05592451853932	2499
chrX	11387310	1.16544053203385	2500
chrX	12455178	1.47718245431717	2501
chrX	13532751	1.04181542179368	2502
chrX	14613019	2.09384316514075	2503
chrX	15682910	1.11461039190038	2504
chrX	16775480	1.50850048441026	2505
chrX	17849539	0.501317346845476	2506
chrX	18917448	0.386742882315118	2507
chrX	19989125	1.19943197149163	2508
chrX	21063126	1.73113646369767	2509
chrX	22129342	0.744700815836029	2510
chrX	23189195	0.697506936416783	2511
chrX	24281952	0.60512512150439	2512
chrX	25356260	0.642069498042918	2513
chrX	26440089	1.42390961850821	2514
chrX	27500811	1.29535656631852	2515
chrX	28577336	1.78206162765174	2516
chrX	29635753	1.30239490243308	2517
chrX	30709654	1.27055399134235	2518
chrX	31780440	1.37520906018176	2519
chrX	32832010	1.25355529955912	2520
chrX	33882280	1.82163443590393	2521
chrX	34937754	0.956606101445863	2522
chrX	35993779	0.978253401754569	2523
chrX	38363228	2.63643664868701	2524
chrX	39402085	1.25238567455719	2525
chrX	40433901	1.16101035098374	2526
chrX	41482364	0.777286043509949	2527
chrX	42546938	0.972310374065595	2528
chrX	43605334	2.05162388056489	2529
chrX	44660009	1.01431911897564	2530
chrX	45708147	0.851033728021994	2531
chrX	46780485	1.05417664609989	2532
chrX	47843892	1.93137552812413	2533
chrX	49055954	2.49468721645975	2534
chrX	50464299	0.764111098661714	2535
chrX	51560778	0.986252770050311	2536
chrX	53088096	1.49594473463431	2537
chrX	54182225	1.26737798091641	2538
chrX	55302575	1.32310410988133	2539
chrX	56504497	1.03556348367898	2540
chrX	57650272	1.52916147456342	2541
chrX	62710918	2.23904974370575	2542
chrX	63933989	1.48202313004062	2543
chrX	65070602	1.35337483907633	2544
chrX	66179824	1.43858844916298	2545
chrX	67296392	1.14606107633534	2546
chrX	68397080	1.18971598437196	2547
chrX	69464873	0.808671619505949	2548
chrX	70549389	0.853219456100337	2549
chrX	71667160	0.86364523023449	2550
chrX	73136277	1.80569932327942	2551
chrX	74243675	1.81326432004284	2552
chrX	75361265	0.984713592325984	2553
chrX	76523045	2.40906255419762	2554
chrX	77659648	1.15735038908778	2555
chrX	78749812	1.35493709608481	2556
chrX	79820124	1.40642523905484	2557
chrX	80922291	1.33415126784555	2558
chrX	82018906	2.41455246966036	2559
chrX	83079990	0.770114761004767	2560
chrX	84155402	1.88652129016607	2561
chrX	85226538	1.37241166266262	2562
chrX	86304146	1.62283486352629	2563
chrX	87370639	1.42364910567441	2564
chrX	88436983	2.97721432579753	2565
chrX	90061381	2.30705327369617	2566
chrX	92442482	3.39942099672576	2567
chrX	93966381	2.85455970595609	2568
chrX	95011301	1.2161206353448	2569
chrX	96066855	2.25251975065994	2570
chrX	97136237	1.48955991388795	2571
chrX	98191132	0.944626879268308	2572
chrX	99258568	1.22420890252251	2573
chrX	100327459	1.58113350149981	2574
chrX	101387093	1.39851159448406	2575
chrX	102791614	2.1425167620363	2576
chrX	103861622	1.1798368891432	2577
chrX	105040706	2.53839946701392	2578
chrX	106098962	1.66182851975526	2579
chrX	107198420	1.78643078377986	2580
chrX	108253775	1.45126679963085	2581
chrX	109340520	2.27990963120061	2582
chrX	110409387	1.07009626739052	2583
chrX	111464105	2.06653605042845	2584
chrX	112556279	1.80193351387055	2585
chrX	113628638	2.41191455153402	2586
chrX	114749559	1.52974009479847	2587
chrX	115973356	1.58196411396795	2588
chrX	117091137	2.54950904328022	2589
chrX	118192068	2.07680083725222	2590
chrX	119248199	0.907305215156729	2591
chrX	120418624	1.26626754400127	2592
chrX	121593301	1.45060757617762	2593
chrX	122663877	2.80009122405492	2594
chrX	123710213	1.66730782605113	2595
chrX	124774166	0.982495609568732	2596
chrX	125821556	1.14421776584589	2597
chrX	126898552	2.70877936816253	2598
chrX	127980906	1.62102005583979	2599
chrX	129040653	2.69562472428563	2600
chrX	130117146	2.14306187740564	2601
chrX	131188866	1.38735276983706	2602
chrX	132293886	1.9557617770015	2603
chrX	133347675	1.31655295453302	2604
chrX	134405387	1.13534780329432	2605
chrX	135536716	1.67858836388045	2606
chrX	136759820	2.15965892843917	2607
chrX	137822807	1.3084946020828	2608
chrX	138891451	2.03645318882521	2609
chrX	139950791	1.14075187590841	2610
chrX	141133858	4.39911071466705	2611
chrX	142369722	1.75010539374051	2612
chrX	143433475	0.8324066401182	2613
chrX	144655295	2.49862672885983	2614
chrX	145690832	1.39979224782999	2615
chrX	146736393	2.05866907577619	2616
chrX	147816292	1.23315952492662	2617
chrX	148881657	2.13944513578034	2618
chrX	150109585	1.57623748873439	2619
chrX	151161908	0.991777978183636	2620
chrX	152227697	2.91868405173342	2621
chrX	153495697	1.22283670151454	2622
chrX	154782177	1.90011809582549	2623
chrX	156040895	1.83427323827552	2624
chrY	5908946	0.522483830979404	2625
chrY	7740511	0.160193035609483	2626
chrY	8818552	0.0097669080647747	2627
chrY	10975347	0.336851051368345	2628
chrY	12405761	0.766811619877039	2629
chrY	13520158	0.0255416316650284	2630
chrY	14727415	0.0405652880161814	2631
chrY	15838677	0.0258494111099043	2632
chrY	17180431	0.0561091449239888	2633
chrY	19651014	0.0638060074330133	2634
chrY	21003176	0.0305183122796186	2635
chrY	57227415	0.694962470662685	2636
